theta_s,scenario,H_malicious_hops,mapping,gamma_m_s,delta_evade_worst_s,delta_pos_m,tube_m,amplification,certified_floor
0.05,1,2,kinematic_v15,15.0,0.1,1.5,4.886,gronwall_L1.181_T1,0.75
0.05,1,2,empirical_receiver,1.195,0.1,0.12,0.389,gronwall_L1.181_T1,1.0
0.05,1,2,empirical_ekf,1.365,0.1,0.137,0.445,gronwall_L1.181_T1,1.0
0.05,1,2,kinematic_v15,15.0,0.1,1.5,1.5,unamplified_A1,1.0
0.05,1,2,empirical_receiver,1.195,0.1,0.12,0.12,unamplified_A1,1.0
0.05,1,2,empirical_ekf,1.365,0.1,0.137,0.137,unamplified_A1,1.0
0.05,2,2,kinematic_v15,15.0,0.1,1.5,4.886,gronwall_L1.181_T1,0.75
0.05,2,2,empirical_receiver,1.195,0.1,0.12,0.389,gronwall_L1.181_T1,1.0
0.05,2,2,empirical_ekf,1.365,0.1,0.137,0.445,gronwall_L1.181_T1,1.0
0.05,2,2,kinematic_v15,15.0,0.1,1.5,1.5,unamplified_A1,1.0
0.05,2,2,empirical_receiver,1.195,0.1,0.12,0.12,unamplified_A1,1.0
0.05,2,2,empirical_ekf,1.365,0.1,0.137,0.137,unamplified_A1,1.0
0.05,3,2,kinematic_v15,15.0,0.1,1.5,4.886,gronwall_L1.181_T1,0.75
0.05,3,2,empirical_receiver,1.195,0.1,0.12,0.389,gronwall_L1.181_T1,1.0
0.05,3,2,empirical_ekf,1.365,0.1,0.137,0.445,gronwall_L1.181_T1,1.0
0.05,3,2,kinematic_v15,15.0,0.1,1.5,1.5,unamplified_A1,1.0
0.05,3,2,empirical_receiver,1.195,0.1,0.12,0.12,unamplified_A1,1.0
0.05,3,2,empirical_ekf,1.365,0.1,0.137,0.137,unamplified_A1,1.0
0.1,1,2,kinematic_v15,15.0,0.2,3.0,9.773,gronwall_L1.181_T1,0.5
0.1,1,2,empirical_receiver,1.195,0.2,0.239,0.779,gronwall_L1.181_T1,1.0
0.1,1,2,empirical_ekf,1.365,0.2,0.273,0.889,gronwall_L1.181_T1,1.0
0.1,1,2,kinematic_v15,15.0,0.2,3.0,3.0,unamplified_A1,0.75
0.1,1,2,empirical_receiver,1.195,0.2,0.239,0.239,unamplified_A1,1.0
0.1,1,2,empirical_ekf,1.365,0.2,0.273,0.273,unamplified_A1,1.0
0.1,2,2,kinematic_v15,15.0,0.2,3.0,9.773,gronwall_L1.181_T1,0.5
0.1,2,2,empirical_receiver,1.195,0.2,0.239,0.779,gronwall_L1.181_T1,1.0
0.1,2,2,empirical_ekf,1.365,0.2,0.273,0.889,gronwall_L1.181_T1,1.0
0.1,2,2,kinematic_v15,15.0,0.2,3.0,3.0,unamplified_A1,0.75
0.1,2,2,empirical_receiver,1.195,0.2,0.239,0.239,unamplified_A1,1.0
0.1,2,2,empirical_ekf,1.365,0.2,0.273,0.273,unamplified_A1,1.0
0.1,3,2,kinematic_v15,15.0,0.2,3.0,9.773,gronwall_L1.181_T1,0.5
0.1,3,2,empirical_receiver,1.195,0.2,0.239,0.779,gronwall_L1.181_T1,1.0
0.1,3,2,empirical_ekf,1.365,0.2,0.273,0.889,gronwall_L1.181_T1,1.0
0.1,3,2,kinematic_v15,15.0,0.2,3.0,3.0,unamplified_A1,0.75
0.1,3,2,empirical_receiver,1.195,0.2,0.239,0.239,unamplified_A1,1.0
0.1,3,2,empirical_ekf,1.365,0.2,0.273,0.273,unamplified_A1,1.0
0.121,1,2,kinematic_v15,15.0,0.242,3.63,11.825,gronwall_L1.181_T1,0.25
0.121,1,2,empirical_receiver,1.195,0.242,0.289,0.942,gronwall_L1.181_T1,1.0
0.121,1,2,empirical_ekf,1.365,0.242,0.33,1.076,gronwall_L1.181_T1,1.0
0.121,1,2,kinematic_v15,15.0,0.242,3.63,3.63,unamplified_A1,0.75
0.121,1,2,empirical_receiver,1.195,0.242,0.289,0.289,unamplified_A1,1.0
0.121,1,2,empirical_ekf,1.365,0.242,0.33,0.33,unamplified_A1,1.0
0.121,2,2,kinematic_v15,15.0,0.242,3.63,11.825,gronwall_L1.181_T1,0.25
0.121,2,2,empirical_receiver,1.195,0.242,0.289,0.942,gronwall_L1.181_T1,1.0
0.121,2,2,empirical_ekf,1.365,0.242,0.33,1.076,gronwall_L1.181_T1,1.0
0.121,2,2,kinematic_v15,15.0,0.242,3.63,3.63,unamplified_A1,0.75
0.121,2,2,empirical_receiver,1.195,0.242,0.289,0.289,unamplified_A1,1.0
0.121,2,2,empirical_ekf,1.365,0.242,0.33,0.33,unamplified_A1,1.0
0.121,3,2,kinematic_v15,15.0,0.242,3.63,11.825,gronwall_L1.181_T1,0.25
0.121,3,2,empirical_receiver,1.195,0.242,0.289,0.942,gronwall_L1.181_T1,1.0
0.121,3,2,empirical_ekf,1.365,0.242,0.33,1.076,gronwall_L1.181_T1,1.0
0.121,3,2,kinematic_v15,15.0,0.242,3.63,3.63,unamplified_A1,0.75
0.121,3,2,empirical_receiver,1.195,0.242,0.289,0.289,unamplified_A1,1.0
0.121,3,2,empirical_ekf,1.365,0.242,0.33,0.33,unamplified_A1,1.0
0.15,1,2,kinematic_v15,15.0,0.3,4.5,14.659,gronwall_L1.181_T1,0.25
0.15,1,2,empirical_receiver,1.195,0.3,0.358,1.168,gronwall_L1.181_T1,1.0
0.15,1,2,empirical_ekf,1.365,0.3,0.409,1.334,gronwall_L1.181_T1,1.0
0.15,1,2,kinematic_v15,15.0,0.3,4.5,4.5,unamplified_A1,0.75
0.15,1,2,empirical_receiver,1.195,0.3,0.358,0.358,unamplified_A1,1.0
0.15,1,2,empirical_ekf,1.365,0.3,0.409,0.409,unamplified_A1,1.0
0.15,2,2,kinematic_v15,15.0,0.3,4.5,14.659,gronwall_L1.181_T1,0.25
0.15,2,2,empirical_receiver,1.195,0.3,0.358,1.168,gronwall_L1.181_T1,1.0
0.15,2,2,empirical_ekf,1.365,0.3,0.409,1.334,gronwall_L1.181_T1,1.0
0.15,2,2,kinematic_v15,15.0,0.3,4.5,4.5,unamplified_A1,0.75
0.15,2,2,empirical_receiver,1.195,0.3,0.358,0.358,unamplified_A1,1.0
0.15,2,2,empirical_ekf,1.365,0.3,0.409,0.409,unamplified_A1,1.0
0.15,3,2,kinematic_v15,15.0,0.3,4.5,14.659,gronwall_L1.181_T1,0.25
0.15,3,2,empirical_receiver,1.195,0.3,0.358,1.168,gronwall_L1.181_T1,1.0
0.15,3,2,empirical_ekf,1.365,0.3,0.409,1.334,gronwall_L1.181_T1,1.0
0.15,3,2,kinematic_v15,15.0,0.3,4.5,4.5,unamplified_A1,0.75
0.15,3,2,empirical_receiver,1.195,0.3,0.358,0.358,unamplified_A1,1.0
0.15,3,2,empirical_ekf,1.365,0.3,0.409,0.409,unamplified_A1,1.0
0.178,1,2,kinematic_v15,15.0,0.356,5.34,17.396,gronwall_L1.181_T1,0.25
0.178,1,2,empirical_receiver,1.195,0.356,0.425,1.386,gronwall_L1.181_T1,1.0
0.178,1,2,empirical_ekf,1.365,0.356,0.486,1.583,gronwall_L1.181_T1,1.0
0.178,1,2,kinematic_v15,15.0,0.356,5.34,5.34,unamplified_A1,0.5
0.178,1,2,empirical_receiver,1.195,0.356,0.425,0.425,unamplified_A1,1.0
0.178,1,2,empirical_ekf,1.365,0.356,0.486,0.486,unamplified_A1,1.0
0.178,2,2,kinematic_v15,15.0,0.356,5.34,17.396,gronwall_L1.181_T1,0.25
0.178,2,2,empirical_receiver,1.195,0.356,0.425,1.386,gronwall_L1.181_T1,1.0
0.178,2,2,empirical_ekf,1.365,0.356,0.486,1.583,gronwall_L1.181_T1,1.0
0.178,2,2,kinematic_v15,15.0,0.356,5.34,5.34,unamplified_A1,0.5
0.178,2,2,empirical_receiver,1.195,0.356,0.425,0.425,unamplified_A1,1.0
0.178,2,2,empirical_ekf,1.365,0.356,0.486,0.486,unamplified_A1,1.0
0.178,3,2,kinematic_v15,15.0,0.356,5.34,17.396,gronwall_L1.181_T1,0.25
0.178,3,2,empirical_receiver,1.195,0.356,0.425,1.386,gronwall_L1.181_T1,1.0
0.178,3,2,empirical_ekf,1.365,0.356,0.486,1.583,gronwall_L1.181_T1,1.0
0.178,3,2,kinematic_v15,15.0,0.356,5.34,5.34,unamplified_A1,0.5
0.178,3,2,empirical_receiver,1.195,0.356,0.425,0.425,unamplified_A1,1.0
0.178,3,2,empirical_ekf,1.365,0.356,0.486,0.486,unamplified_A1,1.0
0.2,1,2,kinematic_v15,15.0,0.4,6.0,19.546,gronwall_L1.181_T1,0.25
0.2,1,2,empirical_receiver,1.195,0.4,0.478,1.557,gronwall_L1.181_T1,1.0
0.2,1,2,empirical_ekf,1.365,0.4,0.546,1.779,gronwall_L1.181_T1,1.0
0.2,1,2,kinematic_v15,15.0,0.4,6.0,6.0,unamplified_A1,0.5
0.2,1,2,empirical_receiver,1.195,0.4,0.478,0.478,unamplified_A1,1.0
0.2,1,2,empirical_ekf,1.365,0.4,0.546,0.546,unamplified_A1,1.0
0.2,2,2,kinematic_v15,15.0,0.4,6.0,19.546,gronwall_L1.181_T1,0.25
0.2,2,2,empirical_receiver,1.195,0.4,0.478,1.557,gronwall_L1.181_T1,1.0
0.2,2,2,empirical_ekf,1.365,0.4,0.546,1.779,gronwall_L1.181_T1,1.0
0.2,2,2,kinematic_v15,15.0,0.4,6.0,6.0,unamplified_A1,0.5
0.2,2,2,empirical_receiver,1.195,0.4,0.478,0.478,unamplified_A1,1.0
0.2,2,2,empirical_ekf,1.365,0.4,0.546,0.546,unamplified_A1,1.0
0.2,3,2,kinematic_v15,15.0,0.4,6.0,19.546,gronwall_L1.181_T1,0.25
0.2,3,2,empirical_receiver,1.195,0.4,0.478,1.557,gronwall_L1.181_T1,1.0
0.2,3,2,empirical_ekf,1.365,0.4,0.546,1.779,gronwall_L1.181_T1,1.0
0.2,3,2,kinematic_v15,15.0,0.4,6.0,6.0,unamplified_A1,0.5
0.2,3,2,empirical_receiver,1.195,0.4,0.478,0.478,unamplified_A1,1.0
0.2,3,2,empirical_ekf,1.365,0.4,0.546,0.546,unamplified_A1,1.0
0.243,1,2,kinematic_v15,15.0,0.486,7.29,23.748,gronwall_L1.181_T1,0.0
0.243,1,2,empirical_receiver,1.195,0.486,0.581,1.892,gronwall_L1.181_T1,1.0
0.243,1,2,empirical_ekf,1.365,0.486,0.663,2.161,gronwall_L1.181_T1,0.75
0.243,1,2,kinematic_v15,15.0,0.486,7.29,7.29,unamplified_A1,0.5
0.243,1,2,empirical_receiver,1.195,0.486,0.581,0.581,unamplified_A1,1.0
0.243,1,2,empirical_ekf,1.365,0.486,0.663,0.663,unamplified_A1,1.0
0.243,2,2,kinematic_v15,15.0,0.486,7.29,23.748,gronwall_L1.181_T1,0.0
0.243,2,2,empirical_receiver,1.195,0.486,0.581,1.892,gronwall_L1.181_T1,1.0
0.243,2,2,empirical_ekf,1.365,0.486,0.663,2.161,gronwall_L1.181_T1,0.75
0.243,2,2,kinematic_v15,15.0,0.486,7.29,7.29,unamplified_A1,0.5
0.243,2,2,empirical_receiver,1.195,0.486,0.581,0.581,unamplified_A1,1.0
0.243,2,2,empirical_ekf,1.365,0.486,0.663,0.663,unamplified_A1,1.0
0.243,3,2,kinematic_v15,15.0,0.486,7.29,23.748,gronwall_L1.181_T1,0.0
0.243,3,2,empirical_receiver,1.195,0.486,0.581,1.892,gronwall_L1.181_T1,1.0
0.243,3,2,empirical_ekf,1.365,0.486,0.663,2.161,gronwall_L1.181_T1,0.75
0.243,3,2,kinematic_v15,15.0,0.486,7.29,7.29,unamplified_A1,0.5
0.243,3,2,empirical_receiver,1.195,0.486,0.581,0.581,unamplified_A1,1.0
0.243,3,2,empirical_ekf,1.365,0.486,0.663,0.663,unamplified_A1,1.0
0.25,1,2,kinematic_v15,15.0,0.5,7.5,24.432,gronwall_L1.181_T1,0.0
0.25,1,2,empirical_receiver,1.195,0.5,0.598,1.946,gronwall_L1.181_T1,1.0
0.25,1,2,empirical_ekf,1.365,0.5,0.682,2.223,gronwall_L1.181_T1,0.75
0.25,1,2,kinematic_v15,15.0,0.5,7.5,7.5,unamplified_A1,0.5
0.25,1,2,empirical_receiver,1.195,0.5,0.598,0.598,unamplified_A1,1.0
0.25,1,2,empirical_ekf,1.365,0.5,0.682,0.682,unamplified_A1,1.0
0.25,2,2,kinematic_v15,15.0,0.5,7.5,24.432,gronwall_L1.181_T1,0.0
0.25,2,2,empirical_receiver,1.195,0.5,0.598,1.946,gronwall_L1.181_T1,1.0
0.25,2,2,empirical_ekf,1.365,0.5,0.682,2.223,gronwall_L1.181_T1,0.75
0.25,2,2,kinematic_v15,15.0,0.5,7.5,7.5,unamplified_A1,0.5
0.25,2,2,empirical_receiver,1.195,0.5,0.598,0.598,unamplified_A1,1.0
0.25,2,2,empirical_ekf,1.365,0.5,0.682,0.682,unamplified_A1,1.0
0.25,3,2,kinematic_v15,15.0,0.5,7.5,24.432,gronwall_L1.181_T1,0.0
0.25,3,2,empirical_receiver,1.195,0.5,0.598,1.946,gronwall_L1.181_T1,1.0
0.25,3,2,empirical_ekf,1.365,0.5,0.682,2.223,gronwall_L1.181_T1,0.75
0.25,3,2,kinematic_v15,15.0,0.5,7.5,7.5,unamplified_A1,0.5
0.25,3,2,empirical_receiver,1.195,0.5,0.598,0.598,unamplified_A1,1.0
0.25,3,2,empirical_ekf,1.365,0.5,0.682,0.682,unamplified_A1,1.0
0.3,1,2,kinematic_v15,15.0,0.6,9.0,29.319,gronwall_L1.181_T1,0.0
0.3,1,2,empirical_receiver,1.195,0.6,0.717,2.336,gronwall_L1.181_T1,0.75
0.3,1,2,empirical_ekf,1.365,0.6,0.819,2.668,gronwall_L1.181_T1,0.75
0.3,1,2,kinematic_v15,15.0,0.6,9.0,9.0,unamplified_A1,0.5
0.3,1,2,empirical_receiver,1.195,0.6,0.717,0.717,unamplified_A1,1.0
0.3,1,2,empirical_ekf,1.365,0.6,0.819,0.819,unamplified_A1,1.0
0.3,2,2,kinematic_v15,15.0,0.6,9.0,29.319,gronwall_L1.181_T1,0.0
0.3,2,2,empirical_receiver,1.195,0.6,0.717,2.336,gronwall_L1.181_T1,0.75
0.3,2,2,empirical_ekf,1.365,0.6,0.819,2.668,gronwall_L1.181_T1,0.75
0.3,2,2,kinematic_v15,15.0,0.6,9.0,9.0,unamplified_A1,0.5
0.3,2,2,empirical_receiver,1.195,0.6,0.717,0.717,unamplified_A1,1.0
0.3,2,2,empirical_ekf,1.365,0.6,0.819,0.819,unamplified_A1,1.0
0.3,3,2,kinematic_v15,15.0,0.6,9.0,29.319,gronwall_L1.181_T1,0.0
0.3,3,2,empirical_receiver,1.195,0.6,0.717,2.336,gronwall_L1.181_T1,0.75
0.3,3,2,empirical_ekf,1.365,0.6,0.819,2.668,gronwall_L1.181_T1,0.75
0.3,3,2,kinematic_v15,15.0,0.6,9.0,9.0,unamplified_A1,0.5
0.3,3,2,empirical_receiver,1.195,0.6,0.717,0.717,unamplified_A1,1.0
0.3,3,2,empirical_ekf,1.365,0.6,0.819,0.819,unamplified_A1,1.0
0.4,1,2,kinematic_v15,15.0,0.8,12.0,39.092,gronwall_L1.181_T1,0.0
0.4,1,2,empirical_receiver,1.195,0.8,0.956,3.114,gronwall_L1.181_T1,0.75
0.4,1,2,empirical_ekf,1.365,0.8,1.092,3.557,gronwall_L1.181_T1,0.75
0.4,1,2,kinematic_v15,15.0,0.8,12.0,12.0,unamplified_A1,0.25
0.4,1,2,empirical_receiver,1.195,0.8,0.956,0.956,unamplified_A1,1.0
0.4,1,2,empirical_ekf,1.365,0.8,1.092,1.092,unamplified_A1,1.0
0.4,2,2,kinematic_v15,15.0,0.8,12.0,39.092,gronwall_L1.181_T1,0.0
0.4,2,2,empirical_receiver,1.195,0.8,0.956,3.114,gronwall_L1.181_T1,0.75
0.4,2,2,empirical_ekf,1.365,0.8,1.092,3.557,gronwall_L1.181_T1,0.75
0.4,2,2,kinematic_v15,15.0,0.8,12.0,12.0,unamplified_A1,0.25
0.4,2,2,empirical_receiver,1.195,0.8,0.956,0.956,unamplified_A1,1.0
0.4,2,2,empirical_ekf,1.365,0.8,1.092,1.092,unamplified_A1,1.0
0.4,3,2,kinematic_v15,15.0,0.8,12.0,39.092,gronwall_L1.181_T1,0.0
0.4,3,2,empirical_receiver,1.195,0.8,0.956,3.114,gronwall_L1.181_T1,0.75
0.4,3,2,empirical_ekf,1.365,0.8,1.092,3.557,gronwall_L1.181_T1,0.75
0.4,3,2,kinematic_v15,15.0,0.8,12.0,12.0,unamplified_A1,0.25
0.4,3,2,empirical_receiver,1.195,0.8,0.956,0.956,unamplified_A1,1.0
0.4,3,2,empirical_ekf,1.365,0.8,1.092,1.092,unamplified_A1,1.0
0.5,1,2,kinematic_v15,15.0,1.0,15.0,48.864,gronwall_L1.181_T1,0.0
0.5,1,2,empirical_receiver,1.195,1.0,1.195,3.893,gronwall_L1.181_T1,0.75
0.5,1,2,empirical_ekf,1.365,1.0,1.365,4.447,gronwall_L1.181_T1,0.75
0.5,1,2,kinematic_v15,15.0,1.0,15.0,15.0,unamplified_A1,0.25
0.5,1,2,empirical_receiver,1.195,1.0,1.195,1.195,unamplified_A1,1.0
0.5,1,2,empirical_ekf,1.365,1.0,1.365,1.365,unamplified_A1,1.0
0.5,2,2,kinematic_v15,15.0,1.0,15.0,48.864,gronwall_L1.181_T1,0.0
0.5,2,2,empirical_receiver,1.195,1.0,1.195,3.893,gronwall_L1.181_T1,0.75
0.5,2,2,empirical_ekf,1.365,1.0,1.365,4.447,gronwall_L1.181_T1,0.75
0.5,2,2,kinematic_v15,15.0,1.0,15.0,15.0,unamplified_A1,0.25
0.5,2,2,empirical_receiver,1.195,1.0,1.195,1.195,unamplified_A1,1.0
0.5,2,2,empirical_ekf,1.365,1.0,1.365,1.365,unamplified_A1,1.0
0.5,3,2,kinematic_v15,15.0,1.0,15.0,48.864,gronwall_L1.181_T1,0.0
0.5,3,2,empirical_receiver,1.195,1.0,1.195,3.893,gronwall_L1.181_T1,0.75
0.5,3,2,empirical_ekf,1.365,1.0,1.365,4.447,gronwall_L1.181_T1,0.75
0.5,3,2,kinematic_v15,15.0,1.0,15.0,15.0,unamplified_A1,0.25
0.5,3,2,empirical_receiver,1.195,1.0,1.195,1.195,unamplified_A1,1.0
0.5,3,2,empirical_ekf,1.365,1.0,1.365,1.365,unamplified_A1,1.0
0.67,1,2,kinematic_v15,15.0,1.34,20.1,65.478,gronwall_L1.181_T1,0.0
0.67,1,2,empirical_receiver,1.195,1.34,1.601,5.216,gronwall_L1.181_T1,0.5
0.67,1,2,empirical_ekf,1.365,1.34,1.829,5.959,gronwall_L1.181_T1,0.5
0.67,1,2,kinematic_v15,15.0,1.34,20.1,20.1,unamplified_A1,0.0
0.67,1,2,empirical_receiver,1.195,1.34,1.601,1.601,unamplified_A1,1.0
0.67,1,2,empirical_ekf,1.365,1.34,1.829,1.829,unamplified_A1,1.0
0.67,2,2,kinematic_v15,15.0,1.34,20.1,65.478,gronwall_L1.181_T1,0.0
0.67,2,2,empirical_receiver,1.195,1.34,1.601,5.216,gronwall_L1.181_T1,0.5
0.67,2,2,empirical_ekf,1.365,1.34,1.829,5.959,gronwall_L1.181_T1,0.5
0.67,2,2,kinematic_v15,15.0,1.34,20.1,20.1,unamplified_A1,0.0
0.67,2,2,empirical_receiver,1.195,1.34,1.601,1.601,unamplified_A1,1.0
0.67,2,2,empirical_ekf,1.365,1.34,1.829,1.829,unamplified_A1,1.0
0.67,3,2,kinematic_v15,15.0,1.34,20.1,65.478,gronwall_L1.181_T1,0.0
0.67,3,2,empirical_receiver,1.195,1.34,1.601,5.216,gronwall_L1.181_T1,0.5
0.67,3,2,empirical_ekf,1.365,1.34,1.829,5.959,gronwall_L1.181_T1,0.5
0.67,3,2,kinematic_v15,15.0,1.34,20.1,20.1,unamplified_A1,0.0
0.67,3,2,empirical_receiver,1.195,1.34,1.601,1.601,unamplified_A1,1.0
0.67,3,2,empirical_ekf,1.365,1.34,1.829,1.829,unamplified_A1,1.0
1.0,1,2,kinematic_v15,15.0,2.0,30.0,97.729,gronwall_L1.181_T1,0.0
1.0,1,2,empirical_receiver,1.195,2.0,2.39,7.786,gronwall_L1.181_T1,0.5
1.0,1,2,empirical_ekf,1.365,2.0,2.73,8.893,gronwall_L1.181_T1,0.5
1.0,1,2,kinematic_v15,15.0,2.0,30.0,30.0,unamplified_A1,0.0
1.0,1,2,empirical_receiver,1.195,2.0,2.39,2.39,unamplified_A1,0.75
1.0,1,2,empirical_ekf,1.365,2.0,2.73,2.73,unamplified_A1,0.75
1.0,2,2,kinematic_v15,15.0,2.0,30.0,97.729,gronwall_L1.181_T1,0.0
1.0,2,2,empirical_receiver,1.195,2.0,2.39,7.786,gronwall_L1.181_T1,0.5
1.0,2,2,empirical_ekf,1.365,2.0,2.73,8.893,gronwall_L1.181_T1,0.5
1.0,2,2,kinematic_v15,15.0,2.0,30.0,30.0,unamplified_A1,0.0
1.0,2,2,empirical_receiver,1.195,2.0,2.39,2.39,unamplified_A1,0.75
1.0,2,2,empirical_ekf,1.365,2.0,2.73,2.73,unamplified_A1,0.75
1.0,3,2,kinematic_v15,15.0,2.0,30.0,97.729,gronwall_L1.181_T1,0.0
1.0,3,2,empirical_receiver,1.195,2.0,2.39,7.786,gronwall_L1.181_T1,0.5
1.0,3,2,empirical_ekf,1.365,2.0,2.73,8.893,gronwall_L1.181_T1,0.5
1.0,3,2,kinematic_v15,15.0,2.0,30.0,30.0,unamplified_A1,0.0
1.0,3,2,empirical_receiver,1.195,2.0,2.39,2.39,unamplified_A1,0.75
1.0,3,2,empirical_ekf,1.365,2.0,2.73,2.73,unamplified_A1,0.75
1.5,1,2,kinematic_v15,15.0,3.0,45.0,146.593,gronwall_L1.181_T1,0.0
1.5,1,2,empirical_receiver,1.195,3.0,3.585,11.679,gronwall_L1.181_T1,0.25
1.5,1,2,empirical_ekf,1.365,3.0,4.095,13.34,gronwall_L1.181_T1,0.25
1.5,1,2,kinematic_v15,15.0,3.0,45.0,45.0,unamplified_A1,0.0
1.5,1,2,empirical_receiver,1.195,3.0,3.585,3.585,unamplified_A1,0.75
1.5,1,2,empirical_ekf,1.365,3.0,4.095,4.095,unamplified_A1,0.75
1.5,2,2,kinematic_v15,15.0,3.0,45.0,146.593,gronwall_L1.181_T1,0.0
1.5,2,2,empirical_receiver,1.195,3.0,3.585,11.679,gronwall_L1.181_T1,0.25
1.5,2,2,empirical_ekf,1.365,3.0,4.095,13.34,gronwall_L1.181_T1,0.25
1.5,2,2,kinematic_v15,15.0,3.0,45.0,45.0,unamplified_A1,0.0
1.5,2,2,empirical_receiver,1.195,3.0,3.585,3.585,unamplified_A1,0.75
1.5,2,2,empirical_ekf,1.365,3.0,4.095,4.095,unamplified_A1,0.75
1.5,3,2,kinematic_v15,15.0,3.0,45.0,146.593,gronwall_L1.181_T1,0.0
1.5,3,2,empirical_receiver,1.195,3.0,3.585,11.679,gronwall_L1.181_T1,0.25
1.5,3,2,empirical_ekf,1.365,3.0,4.095,13.34,gronwall_L1.181_T1,0.25
1.5,3,2,kinematic_v15,15.0,3.0,45.0,45.0,unamplified_A1,0.0
1.5,3,2,empirical_receiver,1.195,3.0,3.585,3.585,unamplified_A1,0.75
1.5,3,2,empirical_ekf,1.365,3.0,4.095,4.095,unamplified_A1,0.75
2.0,1,2,kinematic_v15,15.0,4.0,60.0,195.458,gronwall_L1.181_T1,0.0
2.0,1,2,empirical_receiver,1.195,4.0,4.78,15.571,gronwall_L1.181_T1,0.25
2.0,1,2,empirical_ekf,1.365,4.0,5.46,17.787,gronwall_L1.181_T1,0.25
2.0,1,2,kinematic_v15,15.0,4.0,60.0,60.0,unamplified_A1,0.0
2.0,1,2,empirical_receiver,1.195,4.0,4.78,4.78,unamplified_A1,0.75
2.0,1,2,empirical_ekf,1.365,4.0,5.46,5.46,unamplified_A1,0.5
2.0,2,2,kinematic_v15,15.0,4.0,60.0,195.458,gronwall_L1.181_T1,0.0
2.0,2,2,empirical_receiver,1.195,4.0,4.78,15.571,gronwall_L1.181_T1,0.25
2.0,2,2,empirical_ekf,1.365,4.0,5.46,17.787,gronwall_L1.181_T1,0.25
2.0,2,2,kinematic_v15,15.0,4.0,60.0,60.0,unamplified_A1,0.0
2.0,2,2,empirical_receiver,1.195,4.0,4.78,4.78,unamplified_A1,0.75
2.0,2,2,empirical_ekf,1.365,4.0,5.46,5.46,unamplified_A1,0.5
2.0,3,2,kinematic_v15,15.0,4.0,60.0,195.458,gronwall_L1.181_T1,0.0
2.0,3,2,empirical_receiver,1.195,4.0,4.78,15.571,gronwall_L1.181_T1,0.25
2.0,3,2,empirical_ekf,1.365,4.0,5.46,17.787,gronwall_L1.181_T1,0.25
2.0,3,2,kinematic_v15,15.0,4.0,60.0,60.0,unamplified_A1,0.0
2.0,3,2,empirical_receiver,1.195,4.0,4.78,4.78,unamplified_A1,0.75
2.0,3,2,empirical_ekf,1.365,4.0,5.46,5.46,unamplified_A1,0.5
3.0,1,2,kinematic_v15,15.0,6.0,90.0,293.187,gronwall_L1.181_T1,0.0
3.0,1,2,empirical_receiver,1.195,6.0,7.17,23.357,gronwall_L1.181_T1,0.0
3.0,1,2,empirical_ekf,1.365,6.0,8.19,26.68,gronwall_L1.181_T1,0.0
3.0,1,2,kinematic_v15,15.0,6.0,90.0,90.0,unamplified_A1,0.0
3.0,1,2,empirical_receiver,1.195,6.0,7.17,7.17,unamplified_A1,0.5
3.0,1,2,empirical_ekf,1.365,6.0,8.19,8.19,unamplified_A1,0.5
3.0,2,2,kinematic_v15,15.0,6.0,90.0,293.187,gronwall_L1.181_T1,0.0
3.0,2,2,empirical_receiver,1.195,6.0,7.17,23.357,gronwall_L1.181_T1,0.0
3.0,2,2,empirical_ekf,1.365,6.0,8.19,26.68,gronwall_L1.181_T1,0.0
3.0,2,2,kinematic_v15,15.0,6.0,90.0,90.0,unamplified_A1,0.0
3.0,2,2,empirical_receiver,1.195,6.0,7.17,7.17,unamplified_A1,0.5
3.0,2,2,empirical_ekf,1.365,6.0,8.19,8.19,unamplified_A1,0.5
3.0,3,2,kinematic_v15,15.0,6.0,90.0,293.187,gronwall_L1.181_T1,0.0
3.0,3,2,empirical_receiver,1.195,6.0,7.17,23.357,gronwall_L1.181_T1,0.0
3.0,3,2,empirical_ekf,1.365,6.0,8.19,26.68,gronwall_L1.181_T1,0.0
3.0,3,2,kinematic_v15,15.0,6.0,90.0,90.0,unamplified_A1,0.0
3.0,3,2,empirical_receiver,1.195,6.0,7.17,7.17,unamplified_A1,0.5
3.0,3,2,empirical_ekf,1.365,6.0,8.19,8.19,unamplified_A1,0.5
4.0,1,2,kinematic_v15,15.0,8.0,120.0,390.916,gronwall_L1.181_T1,0.0
4.0,1,2,empirical_receiver,1.195,8.0,9.56,31.143,gronwall_L1.181_T1,0.0
4.0,1,2,empirical_ekf,1.365,8.0,10.92,35.573,gronwall_L1.181_T1,0.0
4.0,1,2,kinematic_v15,15.0,8.0,120.0,120.0,unamplified_A1,0.0
4.0,1,2,empirical_receiver,1.195,8.0,9.56,9.56,unamplified_A1,0.5
4.0,1,2,empirical_ekf,1.365,8.0,10.92,10.92,unamplified_A1,0.25
4.0,2,2,kinematic_v15,15.0,8.0,120.0,390.916,gronwall_L1.181_T1,0.0
4.0,2,2,empirical_receiver,1.195,8.0,9.56,31.143,gronwall_L1.181_T1,0.0
4.0,2,2,empirical_ekf,1.365,8.0,10.92,35.573,gronwall_L1.181_T1,0.0
4.0,2,2,kinematic_v15,15.0,8.0,120.0,120.0,unamplified_A1,0.0
4.0,2,2,empirical_receiver,1.195,8.0,9.56,9.56,unamplified_A1,0.5
4.0,2,2,empirical_ekf,1.365,8.0,10.92,10.92,unamplified_A1,0.25
4.0,3,2,kinematic_v15,15.0,8.0,120.0,390.916,gronwall_L1.181_T1,0.0
4.0,3,2,empirical_receiver,1.195,8.0,9.56,31.143,gronwall_L1.181_T1,0.0
4.0,3,2,empirical_ekf,1.365,8.0,10.92,35.573,gronwall_L1.181_T1,0.0
4.0,3,2,kinematic_v15,15.0,8.0,120.0,120.0,unamplified_A1,0.0
4.0,3,2,empirical_receiver,1.195,8.0,9.56,9.56,unamplified_A1,0.5
4.0,3,2,empirical_ekf,1.365,8.0,10.92,10.92,unamplified_A1,0.25
5.0,1,2,kinematic_v15,15.0,10.0,150.0,488.645,gronwall_L1.181_T1,0.0
5.0,1,2,empirical_receiver,1.195,10.0,11.95,38.929,gronwall_L1.181_T1,0.0
5.0,1,2,empirical_ekf,1.365,10.0,13.65,44.467,gronwall_L1.181_T1,0.0
5.0,1,2,kinematic_v15,15.0,10.0,150.0,150.0,unamplified_A1,0.0
5.0,1,2,empirical_receiver,1.195,10.0,11.95,11.95,unamplified_A1,0.25
5.0,1,2,empirical_ekf,1.365,10.0,13.65,13.65,unamplified_A1,0.25
5.0,2,2,kinematic_v15,15.0,10.0,150.0,488.645,gronwall_L1.181_T1,0.0
5.0,2,2,empirical_receiver,1.195,10.0,11.95,38.929,gronwall_L1.181_T1,0.0
5.0,2,2,empirical_ekf,1.365,10.0,13.65,44.467,gronwall_L1.181_T1,0.0
5.0,2,2,kinematic_v15,15.0,10.0,150.0,150.0,unamplified_A1,0.0
5.0,2,2,empirical_receiver,1.195,10.0,11.95,11.95,unamplified_A1,0.25
5.0,2,2,empirical_ekf,1.365,10.0,13.65,13.65,unamplified_A1,0.25
5.0,3,2,kinematic_v15,15.0,10.0,150.0,488.645,gronwall_L1.181_T1,0.0
5.0,3,2,empirical_receiver,1.195,10.0,11.95,38.929,gronwall_L1.181_T1,0.0
5.0,3,2,empirical_ekf,1.365,10.0,13.65,44.467,gronwall_L1.181_T1,0.0
5.0,3,2,kinematic_v15,15.0,10.0,150.0,150.0,unamplified_A1,0.0
5.0,3,2,empirical_receiver,1.195,10.0,11.95,11.95,unamplified_A1,0.25
5.0,3,2,empirical_ekf,1.365,10.0,13.65,13.65,unamplified_A1,0.25
6.0,1,2,kinematic_v15,15.0,10.0,150.0,488.645,gronwall_L1.181_T1,0.0
6.0,1,2,empirical_receiver,1.195,10.0,11.95,38.929,gronwall_L1.181_T1,0.0
6.0,1,2,empirical_ekf,1.365,10.0,13.65,44.467,gronwall_L1.181_T1,0.0
6.0,1,2,kinematic_v15,15.0,10.0,150.0,150.0,unamplified_A1,0.0
6.0,1,2,empirical_receiver,1.195,10.0,11.95,11.95,unamplified_A1,0.25
6.0,1,2,empirical_ekf,1.365,10.0,13.65,13.65,unamplified_A1,0.25
6.0,2,2,kinematic_v15,15.0,10.0,150.0,488.645,gronwall_L1.181_T1,0.0
6.0,2,2,empirical_receiver,1.195,10.0,11.95,38.929,gronwall_L1.181_T1,0.0
6.0,2,2,empirical_ekf,1.365,10.0,13.65,44.467,gronwall_L1.181_T1,0.0
6.0,2,2,kinematic_v15,15.0,10.0,150.0,150.0,unamplified_A1,0.0
6.0,2,2,empirical_receiver,1.195,10.0,11.95,11.95,unamplified_A1,0.25
6.0,2,2,empirical_ekf,1.365,10.0,13.65,13.65,unamplified_A1,0.25
6.0,3,2,kinematic_v15,15.0,10.0,150.0,488.645,gronwall_L1.181_T1,0.0
6.0,3,2,empirical_receiver,1.195,10.0,11.95,38.929,gronwall_L1.181_T1,0.0
6.0,3,2,empirical_ekf,1.365,10.0,13.65,44.467,gronwall_L1.181_T1,0.0
6.0,3,2,kinematic_v15,15.0,10.0,150.0,150.0,unamplified_A1,0.0
6.0,3,2,empirical_receiver,1.195,10.0,11.95,11.95,unamplified_A1,0.25
6.0,3,2,empirical_ekf,1.365,10.0,13.65,13.65,unamplified_A1,0.25
6.5,1,2,kinematic_v15,15.0,10.0,150.0,488.645,gronwall_L1.181_T1,0.0
6.5,1,2,empirical_receiver,1.195,10.0,11.95,38.929,gronwall_L1.181_T1,0.0
6.5,1,2,empirical_ekf,1.365,10.0,13.65,44.467,gronwall_L1.181_T1,0.0
6.5,1,2,kinematic_v15,15.0,10.0,150.0,150.0,unamplified_A1,0.0
6.5,1,2,empirical_receiver,1.195,10.0,11.95,11.95,unamplified_A1,0.25
6.5,1,2,empirical_ekf,1.365,10.0,13.65,13.65,unamplified_A1,0.25
6.5,2,2,kinematic_v15,15.0,10.0,150.0,488.645,gronwall_L1.181_T1,0.0
6.5,2,2,empirical_receiver,1.195,10.0,11.95,38.929,gronwall_L1.181_T1,0.0
6.5,2,2,empirical_ekf,1.365,10.0,13.65,44.467,gronwall_L1.181_T1,0.0
6.5,2,2,kinematic_v15,15.0,10.0,150.0,150.0,unamplified_A1,0.0
6.5,2,2,empirical_receiver,1.195,10.0,11.95,11.95,unamplified_A1,0.25
6.5,2,2,empirical_ekf,1.365,10.0,13.65,13.65,unamplified_A1,0.25
6.5,3,2,kinematic_v15,15.0,10.0,150.0,488.645,gronwall_L1.181_T1,0.0
6.5,3,2,empirical_receiver,1.195,10.0,11.95,38.929,gronwall_L1.181_T1,0.0
6.5,3,2,empirical_ekf,1.365,10.0,13.65,44.467,gronwall_L1.181_T1,0.0
6.5,3,2,kinematic_v15,15.0,10.0,150.0,150.0,unamplified_A1,0.0
6.5,3,2,empirical_receiver,1.195,10.0,11.95,11.95,unamplified_A1,0.25
6.5,3,2,empirical_ekf,1.365,10.0,13.65,13.65,unamplified_A1,0.25
7.0,1,2,kinematic_v15,15.0,10.0,150.0,488.645,gronwall_L1.181_T1,0.0
7.0,1,2,empirical_receiver,1.195,10.0,11.95,38.929,gronwall_L1.181_T1,0.0
7.0,1,2,empirical_ekf,1.365,10.0,13.65,44.467,gronwall_L1.181_T1,0.0
7.0,1,2,kinematic_v15,15.0,10.0,150.0,150.0,unamplified_A1,0.0
7.0,1,2,empirical_receiver,1.195,10.0,11.95,11.95,unamplified_A1,0.25
7.0,1,2,empirical_ekf,1.365,10.0,13.65,13.65,unamplified_A1,0.25
7.0,2,2,kinematic_v15,15.0,10.0,150.0,488.645,gronwall_L1.181_T1,0.0
7.0,2,2,empirical_receiver,1.195,10.0,11.95,38.929,gronwall_L1.181_T1,0.0
7.0,2,2,empirical_ekf,1.365,10.0,13.65,44.467,gronwall_L1.181_T1,0.0
7.0,2,2,kinematic_v15,15.0,10.0,150.0,150.0,unamplified_A1,0.0
7.0,2,2,empirical_receiver,1.195,10.0,11.95,11.95,unamplified_A1,0.25
7.0,2,2,empirical_ekf,1.365,10.0,13.65,13.65,unamplified_A1,0.25
7.0,3,2,kinematic_v15,15.0,10.0,150.0,488.645,gronwall_L1.181_T1,0.0
7.0,3,2,empirical_receiver,1.195,10.0,11.95,38.929,gronwall_L1.181_T1,0.0
7.0,3,2,empirical_ekf,1.365,10.0,13.65,44.467,gronwall_L1.181_T1,0.0
7.0,3,2,kinematic_v15,15.0,10.0,150.0,150.0,unamplified_A1,0.0
7.0,3,2,empirical_receiver,1.195,10.0,11.95,11.95,unamplified_A1,0.25
7.0,3,2,empirical_ekf,1.365,10.0,13.65,13.65,unamplified_A1,0.25
8.0,1,2,kinematic_v15,15.0,10.0,150.0,488.645,gronwall_L1.181_T1,0.0
8.0,1,2,empirical_receiver,1.195,10.0,11.95,38.929,gronwall_L1.181_T1,0.0
8.0,1,2,empirical_ekf,1.365,10.0,13.65,44.467,gronwall_L1.181_T1,0.0
8.0,1,2,kinematic_v15,15.0,10.0,150.0,150.0,unamplified_A1,0.0
8.0,1,2,empirical_receiver,1.195,10.0,11.95,11.95,unamplified_A1,0.25
8.0,1,2,empirical_ekf,1.365,10.0,13.65,13.65,unamplified_A1,0.25
8.0,2,2,kinematic_v15,15.0,10.0,150.0,488.645,gronwall_L1.181_T1,0.0
8.0,2,2,empirical_receiver,1.195,10.0,11.95,38.929,gronwall_L1.181_T1,0.0
8.0,2,2,empirical_ekf,1.365,10.0,13.65,44.467,gronwall_L1.181_T1,0.0
8.0,2,2,kinematic_v15,15.0,10.0,150.0,150.0,unamplified_A1,0.0
8.0,2,2,empirical_receiver,1.195,10.0,11.95,11.95,unamplified_A1,0.25
8.0,2,2,empirical_ekf,1.365,10.0,13.65,13.65,unamplified_A1,0.25
8.0,3,2,kinematic_v15,15.0,10.0,150.0,488.645,gronwall_L1.181_T1,0.0
8.0,3,2,empirical_receiver,1.195,10.0,11.95,38.929,gronwall_L1.181_T1,0.0
8.0,3,2,empirical_ekf,1.365,10.0,13.65,44.467,gronwall_L1.181_T1,0.0
8.0,3,2,kinematic_v15,15.0,10.0,150.0,150.0,unamplified_A1,0.0
8.0,3,2,empirical_receiver,1.195,10.0,11.95,11.95,unamplified_A1,0.25
8.0,3,2,empirical_ekf,1.365,10.0,13.65,13.65,unamplified_A1,0.25
10.0,1,2,kinematic_v15,15.0,10.0,150.0,488.645,gronwall_L1.181_T1,0.0
10.0,1,2,empirical_receiver,1.195,10.0,11.95,38.929,gronwall_L1.181_T1,0.0
10.0,1,2,empirical_ekf,1.365,10.0,13.65,44.467,gronwall_L1.181_T1,0.0
10.0,1,2,kinematic_v15,15.0,10.0,150.0,150.0,unamplified_A1,0.0
10.0,1,2,empirical_receiver,1.195,10.0,11.95,11.95,unamplified_A1,0.25
10.0,1,2,empirical_ekf,1.365,10.0,13.65,13.65,unamplified_A1,0.25
10.0,2,2,kinematic_v15,15.0,10.0,150.0,488.645,gronwall_L1.181_T1,0.0
10.0,2,2,empirical_receiver,1.195,10.0,11.95,38.929,gronwall_L1.181_T1,0.0
10.0,2,2,empirical_ekf,1.365,10.0,13.65,44.467,gronwall_L1.181_T1,0.0
10.0,2,2,kinematic_v15,15.0,10.0,150.0,150.0,unamplified_A1,0.0
10.0,2,2,empirical_receiver,1.195,10.0,11.95,11.95,unamplified_A1,0.25
10.0,2,2,empirical_ekf,1.365,10.0,13.65,13.65,unamplified_A1,0.25
10.0,3,2,kinematic_v15,15.0,10.0,150.0,488.645,gronwall_L1.181_T1,0.0
10.0,3,2,empirical_receiver,1.195,10.0,11.95,38.929,gronwall_L1.181_T1,0.0
10.0,3,2,empirical_ekf,1.365,10.0,13.65,44.467,gronwall_L1.181_T1,0.0
10.0,3,2,kinematic_v15,15.0,10.0,150.0,150.0,unamplified_A1,0.0
10.0,3,2,empirical_receiver,1.195,10.0,11.95,11.95,unamplified_A1,0.25
10.0,3,2,empirical_ekf,1.365,10.0,13.65,13.65,unamplified_A1,0.25
