flight,source,onset_kind,t_s,staleness_s,err_m,err_at_onset_m,gamma_cum_m_s,gamma_delta_m_s,gamma_inst_m_s,sats,hdop,noise_per_ms,fix_type,speed_m_s,accel_m_s2
gps_jamming,receiver,fix_loss,176.0,1.01,0.5936,0.6368,0.5906,0.0,0.53,11,0.79,140,3,0.135,2.911
gps_jamming,receiver,fix_loss,177.0,2.0,3.0995,0.6368,1.5491,1.2309,0.5565,11,0.79,150,3,0.412,4.567
gps_jamming,receiver,fix_loss,178.0,3.0,2.3932,0.6368,0.7969,0.5849,0.6541,12,0.78,150,3,0.312,5.323
gps_jamming,receiver,fix_loss,179.0,4.01,3.9053,0.6368,0.9751,0.8161,0.622,12,0.78,160,3,0.268,4.72
gps_jamming,receiver,fix_loss,180.0,5.01,4.8653,0.6368,0.9721,0.8448,0.5073,12,0.78,160,3,0.158,7.028
gps_jamming,receiver,fix_loss,181.0,6.01,5.0674,0.6368,0.8439,0.7378,0.3115,12,0.78,160,3,0.765,2.758
gps_jamming,receiver,fix_loss,182.0,7.01,5.2202,0.6368,0.7452,0.6543,0.2983,12,0.78,160,3,1.159,4.225
gps_jamming,receiver,fix_loss,183.0,8.01,5.6429,0.6368,0.7049,0.6254,0.1465,12,0.78,160,3,1.219,9.485
gps_jamming,receiver,fix_loss,184.0,9.0,5.9412,0.6368,0.6598,0.5891,0.1773,12,0.78,161,3,0.52,5.353
gps_jamming,receiver,fix_loss,185.0,10.0,5.4169,0.6368,0.5416,0.478,0.158,12,0.78,171,3,1.099,3.227
gps_jamming,receiver,fix_loss,186.0,11.0,5.0505,0.6368,0.459,0.4011,0.1591,12,0.78,159,3,0.355,10.784
gps_jamming,receiver,fix_loss,187.0,12.01,4.812,0.6368,0.4008,0.3477,0.0026,12,0.78,160,3,0.204,5.649
gps_jamming,receiver,fix_loss,188.0,13.0,6.5443,0.6368,0.5033,0.4544,0.0026,12,0.78,170,3,0.662,8.981
gps_jamming,receiver,fix_loss,189.0,14.0,6.7294,0.6368,0.4805,0.4351,-0.0459,12,0.78,159,3,0.73,6.146
gps_jamming,receiver,fix_loss,189.99,15.0,6.7264,0.6368,0.4485,0.4061,-0.0472,12,0.78,148,3,0.223,6.059
gps_jamming,receiver,fix_loss,191.0,16.01,5.4149,0.6368,0.3383,0.2985,-0.1555,14,0.71,147,3,0.377,10.131
gps_jamming,receiver,fix_loss,192.0,17.0,4.6226,0.6368,0.2718,0.2344,-0.1617,14,0.71,148,3,0.574,12.334
gps_jamming,receiver,fix_loss,193.0,18.01,4.8597,0.6368,0.2699,0.2345,-0.339,14,0.71,148,3,1.406,3.983
gps_jamming,receiver,fix_loss,194.01,19.01,5.1842,0.6368,0.2727,0.2392,-0.3267,14,0.71,158,3,0.098,4.164
gps_jamming,receiver,fix_loss,195.0,20.01,4.963,0.6368,0.248,0.2162,-0.2781,14,0.71,147,3,0.569,7.405
gps_jamming,receiver,fix_loss,196.0,21.01,4.6473,0.6368,0.2212,0.1909,-0.2541,14,0.71,147,3,0.728,2.454
gps_jamming,receiver,fix_loss,197.0,22.01,3.6025,0.6368,0.1637,0.1348,-0.3014,14,0.71,147,3,0.668,1.891
gps_jamming,receiver,fix_loss,198.0,23.01,3.217,0.6368,0.1398,0.1122,-0.2487,13,0.79,147,3,0.574,1.17
gps_jamming,receiver,fix_loss,199.0,24.0,3.1054,0.6368,0.1294,0.1028,-0.2526,12,0.82,147,3,0.179,9.03
gps_jamming,receiver,fix_loss,200.0,25.0,2.9702,0.6368,0.1188,0.0933,-0.2225,12,0.82,147,3,0.966,4.76
gps_jamming,receiver,fix_loss,201.0,26.01,3.2867,0.6368,0.1264,0.1019,-0.1467,13,0.74,147,3,1.543,2.989
gps_jamming,receiver,fix_loss,202.02,27.02,3.4339,0.6368,0.1271,0.1035,-0.0986,14,0.71,157,3,1.102,3.446
gps_jamming,receiver,fix_loss,203.0,28.01,2.7177,0.6368,0.097,0.0743,-0.096,14,0.71,157,3,1.917,5.785
gps_jamming,receiver,fix_loss,204.01,29.01,2.4638,0.6368,0.0849,0.063,-0.1343,14,0.71,157,3,0.812,4.199
gps_jamming,receiver,fix_loss,205.01,30.02,2.6725,0.6368,0.089,0.0678,-0.1946,14,0.71,157,3,0.947,8.478
gps_jamming,receiver,fix_loss,206.0,31.01,2.6758,0.6368,0.0863,0.0658,-0.1941,14,0.71,157,3,0.771,1.726
gps_jamming,receiver,fix_loss,207.0,32.01,2.2611,0.6368,0.0706,0.0507,-0.209,14,0.71,157,3,0.112,6.192
gps_jamming,receiver,fix_loss,208.0,33.01,2.5167,0.6368,0.0763,0.057,-0.2166,14,0.71,156,3,0.764,3.292
gps_jamming,receiver,fix_loss,209.0,34.0,1.749,0.6368,0.0514,0.0327,-0.2255,12,0.77,146,3,0.239,7.21
gps_jamming,receiver,fix_loss,210.0,35.0,1.2115,0.6368,0.0346,0.0164,-0.2535,12,0.77,147,3,0.214,7.064
gps_jamming,receiver,fix_loss,211.0,36.0,1.4425,0.6368,0.0401,0.0224,-0.2174,12,0.77,146,3,0.536,7.995
gps_jamming,receiver,fix_loss,212.0,37.01,1.0141,0.6368,0.0274,0.0102,-0.1378,13,0.73,146,3,0.637,3.938
gps_jamming,receiver,fix_loss,213.0,38.0,0.5428,0.6368,0.0143,0.0,-0.1227,13,0.75,147,3,1.035,3.018
gps_jamming,receiver,fix_loss,214.0,39.0,0.7987,0.6368,0.0205,0.0042,-0.0341,13,0.75,147,3,1.249,0.766
gps_jamming,receiver,fix_loss,215.0,40.0,1.1446,0.6368,0.0286,0.0127,0.0451,13,0.75,157,3,0.923,9.646
gps_jamming,receiver,fix_loss,216.0,41.0,0.8704,0.6368,0.0212,0.0057,0.1078,13,0.75,156,3,0.617,3.871
gps_jamming,receiver,fix_loss,217.0,42.01,1.2536,0.6368,0.0298,0.0147,0.0988,14,0.71,145,3,0.541,0.202
gps_jamming,receiver,fix_loss,218.0,43.01,1.3365,0.6368,0.0311,0.0163,0.1081,14,0.71,145,3,0.456,0.059
gps_jamming,receiver,fix_loss,219.0,44.0,1.5035,0.6368,0.0342,0.0197,0.1003,14,0.71,146,3,0.401,0.023
gps_jamming,receiver,fix_loss,220.0,45.01,1.6135,0.6368,0.0358,0.0217,0.1186,14,0.71,146,3,0.354,0.038
gps_jamming,receiver,fix_loss,221.0,46.01,1.4933,0.6368,0.0325,0.0186,0.084,14,0.71,146,3,0.364,0.027
gps_jamming,receiver,fix_loss,222.01,47.01,1.7263,0.6368,0.0367,0.0232,0.0769,14,0.71,155,3,0.235,0.013
gps_jamming,ekf,3x_noise_p95,177.59,0.5,1.961,1.4945,3.9229,0.9331,0.5429,12,0.78,150,3,0.331,2.004
gps_jamming,ekf,3x_noise_p95,177.69,0.6,1.9893,1.4945,3.3164,0.8249,0.5538,12,0.78,150,3,0.327,4.394
gps_jamming,ekf,3x_noise_p95,177.79,0.7,2.013,1.4945,2.8765,0.7409,0.5644,12,0.78,150,3,0.312,5.323
gps_jamming,ekf,3x_noise_p95,177.89,0.8,2.0314,1.4945,2.5398,0.6712,0.5747,12,0.78,150,3,0.29,9.491
gps_jamming,ekf,3x_noise_p95,177.99,0.9,2.0544,1.4945,2.2832,0.6222,0.5844,12,0.78,150,3,0.207,11.181
gps_jamming,ekf,3x_noise_p95,178.09,1.0,2.0798,1.4945,2.0803,0.5854,0.5937,12,0.78,150,3,0.086,6.487
gps_jamming,ekf,3x_noise_p95,178.19,1.1,2.1306,1.4945,1.9374,0.5784,0.5938,12,0.78,150,3,0.068,5.01
gps_jamming,ekf,3x_noise_p95,178.29,1.2,2.1899,1.4945,1.8254,0.5796,0.6105,12,0.78,150,3,0.116,8.446
gps_jamming,ekf,3x_noise_p95,178.39,1.3,2.3063,1.4945,1.7745,0.6246,0.6095,12,0.78,160,3,0.189,11.053
gps_jamming,ekf,3x_noise_p95,178.49,1.4,2.4117,1.4945,1.723,0.6553,0.6247,12,0.78,160,3,0.147,5.226
gps_jamming,ekf,3x_noise_p95,178.59,1.5,2.551,1.4945,1.7011,0.7045,0.6308,12,0.78,160,3,0.138,4.354
gps_jamming,ekf,3x_noise_p95,178.69,1.6,2.6693,1.4945,1.6687,0.7344,0.6286,12,0.78,160,3,0.207,12.424
gps_jamming,ekf,3x_noise_p95,178.79,1.7,2.8126,1.4945,1.6549,0.7755,0.6413,12,0.78,160,3,0.268,4.72
gps_jamming,ekf,3x_noise_p95,178.89,1.8,2.923,1.4945,1.6243,0.7938,0.6386,12,0.78,160,3,0.267,4.064
gps_jamming,ekf,3x_noise_p95,178.99,1.9,3.0564,1.4945,1.609,0.8222,0.6496,12,0.78,160,3,0.244,5.891
gps_jamming,ekf,3x_noise_p95,179.09,2.0,3.1603,1.4945,1.5805,0.8331,0.647,12,0.78,160,3,0.187,4.617
gps_jamming,ekf,3x_noise_p95,179.19,2.1,3.2798,1.4945,1.5622,0.8503,0.6565,12,0.78,160,3,0.171,3.487
gps_jamming,ekf,3x_noise_p95,179.29,2.2,3.3732,1.4945,1.5336,0.8541,0.6597,12,0.78,160,3,0.171,3.276
gps_jamming,ekf,3x_noise_p95,179.39,2.3,3.4753,1.4945,1.5114,0.8614,0.657,12,0.78,160,3,0.173,4.525
gps_jamming,ekf,3x_noise_p95,179.49,2.4,3.5603,1.4945,1.4838,0.861,0.665,12,0.78,160,3,0.161,4.924
gps_jamming,ekf,3x_noise_p95,179.59,2.5,3.6582,1.4945,1.4636,0.8657,0.6619,12,0.78,160,3,0.142,3.694
gps_jamming,ekf,3x_noise_p95,179.69,2.6,3.7347,1.4945,1.4368,0.8618,0.6681,12,0.78,160,3,0.133,9.989
gps_jamming,ekf,3x_noise_p95,179.79,2.7,3.8363,1.4945,1.4212,0.8676,0.6641,12,0.78,160,3,0.158,7.028
gps_jamming,ekf,3x_noise_p95,179.89,2.8,3.9156,1.4945,1.3988,0.8649,0.6677,12,0.78,160,3,0.138,7.8
gps_jamming,ekf,3x_noise_p95,179.99,2.9,4.0147,1.4945,1.3847,0.8692,0.6621,12,0.78,160,3,0.202,5.121
gps_jamming,ekf,3x_noise_p95,180.09,3.0,4.099,1.4945,1.3667,0.8684,0.6591,12,0.78,160,3,0.275,5.854
gps_jamming,ekf,3x_noise_p95,180.19,3.1,4.2142,1.4945,1.3598,0.8775,0.6566,12,0.78,160,3,0.457,8.205
gps_jamming,ekf,3x_noise_p95,180.29,3.2,4.3245,1.4945,1.3517,0.8846,0.6481,12,0.78,160,3,0.646,4.261
gps_jamming,ekf,3x_noise_p95,180.39,3.3,4.4559,1.4945,1.3506,0.8976,0.6409,12,0.78,160,3,0.838,8.836
gps_jamming,ekf,3x_noise_p95,180.49,3.4,4.5785,1.4945,1.3469,0.9073,0.6309,12,0.78,160,3,0.936,11.055
gps_jamming,ekf,3x_noise_p95,180.59,3.5,4.673,1.4945,1.3355,0.9084,0.6195,12,0.78,160,3,0.932,9.837
gps_jamming,ekf,3x_noise_p95,180.69,3.6,4.7581,1.4945,1.322,0.9068,0.6088,12,0.78,160,3,0.884,2.187
gps_jamming,ekf,3x_noise_p95,180.79,3.7,4.8072,1.4945,1.2996,0.8955,0.5937,12,0.78,160,3,0.765,2.758
gps_jamming,ekf,3x_noise_p95,180.89,3.8,4.8461,1.4945,1.2756,0.8822,0.5797,12,0.78,160,3,0.649,5.767
gps_jamming,ekf,3x_noise_p95,180.99,3.9,4.8514,1.4945,1.2443,0.861,0.5696,12,0.78,160,3,0.597,1.653
gps_jamming,ekf,3x_noise_p95,181.09,4.0,4.8666,1.4945,1.2169,0.8432,0.5509,12,0.78,160,3,0.667,6.455
gps_jamming,ekf,3x_noise_p95,181.19,4.1,4.879,1.4945,1.1903,0.8257,0.5414,12,0.78,160,3,0.753,6.879
gps_jamming,ekf,3x_noise_p95,181.29,4.2,4.9148,1.4945,1.1705,0.8145,0.5213,12,0.78,160,3,0.884,4.697
gps_jamming,ekf,3x_noise_p95,181.39,4.3,4.9675,1.4945,1.1555,0.8079,0.5124,12,0.78,160,3,1.037,8.423
gps_jamming,ekf,3x_noise_p95,181.49,4.4,5.0395,1.4945,1.1456,0.8059,0.4907,12,0.78,160,3,1.152,7.212
gps_jamming,ekf,3x_noise_p95,181.59,4.5,5.1009,1.4945,1.1338,0.8016,0.4819,12,0.78,160,3,1.216,5.41
gps_jamming,ekf,3x_noise_p95,181.69,4.6,5.1741,1.4945,1.1251,0.8001,0.4659,12,0.78,160,3,1.243,7.089
gps_jamming,ekf,3x_noise_p95,181.79,4.7,5.2106,1.4945,1.1089,0.7909,0.4493,12,0.78,160,3,1.159,4.225
gps_jamming,ekf,3x_noise_p95,181.89,4.8,5.255,1.4945,1.0951,0.7836,0.4326,12,0.78,160,3,1.077,2.788
gps_jamming,ekf,3x_noise_p95,181.99,4.9,5.2642,1.4945,1.0746,0.7695,0.4156,12,0.78,160,3,0.996,6.354
gps_jamming,ekf,3x_noise_p95,182.09,5.0,5.2894,1.4945,1.0582,0.7592,0.3988,12,0.78,160,3,0.979,4.797
gps_jamming,ekf,3x_noise_p95,182.19,5.1,5.3066,1.4945,1.0408,0.7477,0.3822,12,0.78,160,3,0.989,10.377
gps_jamming,ekf,3x_noise_p95,182.29,5.2,5.348,1.4945,1.0287,0.7412,0.3658,12,0.78,160,3,1.081,9.072
gps_jamming,ekf,3x_noise_p95,182.39,5.3,5.3883,1.4945,1.0169,0.7349,0.3498,12,0.78,160,3,1.174,3.023
gps_jamming,ekf,3x_noise_p95,182.49,5.4,5.4546,1.4945,1.0104,0.7335,0.3342,12,0.78,160,3,1.266,3.055
gps_jamming,ekf,3x_noise_p95,182.59,5.5,5.5111,1.4945,1.0023,0.7305,0.3193,12,0.78,160,3,1.309,7.316
gps_jamming,ekf,3x_noise_p95,182.69,5.6,5.584,1.4945,0.9974,0.7305,0.3049,12,0.78,160,3,1.307,3.367
gps_jamming,ekf,3x_noise_p95,182.79,5.7,5.6293,1.4945,0.9878,0.7256,0.2914,12,0.78,160,3,1.219,9.485
gps_jamming,ekf,3x_noise_p95,182.89,5.8,5.6797,1.4945,0.9795,0.7218,0.2785,12,0.78,160,3,1.083,14.417
gps_jamming,ekf,3x_noise_p95,182.99,5.9,5.6992,1.4945,0.9662,0.7128,0.2663,12,0.78,160,3,0.906,1.759
gps_jamming,ekf,3x_noise_p95,183.09,6.0,5.7163,1.4945,0.953,0.7038,0.2546,12,0.78,160,3,0.689,3.598
gps_jamming,ekf,3x_noise_p95,183.19,6.1,5.7233,1.4945,0.9385,0.6934,0.2432,12,0.78,160,3,0.416,12.869
gps_jamming,ekf,3x_noise_p95,183.29,6.2,5.7218,1.4945,0.9231,0.682,0.2322,12,0.78,160,3,0.158,4.421
gps_jamming,ekf,3x_noise_p95,183.39,6.3,5.7199,1.4945,0.9082,0.6709,0.2215,12,0.78,161,3,0.176,7.954
gps_jamming,ekf,3x_noise_p95,183.49,6.4,5.7132,1.4945,0.8929,0.6593,0.2112,12,0.78,161,3,0.316,8.837
gps_jamming,ekf,3x_noise_p95,183.59,6.5,5.7246,1.4945,0.8809,0.6509,0.2015,12,0.78,161,3,0.396,5.623
gps_jamming,ekf,3x_noise_p95,183.69,6.6,5.7367,1.4945,0.8694,0.6429,0.1924,12,0.78,161,3,0.482,2.115
gps_jamming,ekf,3x_noise_p95,183.79,6.7,5.7748,1.4945,0.8621,0.639,0.1841,12,0.78,161,3,0.52,5.353
gps_jamming,ekf,3x_noise_p95,183.89,6.8,5.819,1.4945,0.856,0.6361,0.1765,12,0.78,161,3,0.538,9.809
gps_jamming,ekf,3x_noise_p95,183.99,6.9,5.8746,1.4945,0.8516,0.6349,0.1698,12,0.78,161,3,0.659,1.677
gps_jamming,ekf,3x_noise_p95,184.09,7.0,5.9487,1.4945,0.85,0.6365,0.1618,12,0.78,161,3,0.846,11.039
gps_jamming,ekf,3x_noise_p95,184.19,7.1,6.0211,1.4945,0.8482,0.6377,0.1591,12,0.78,161,3,1.075,6.608
gps_jamming,ekf,3x_noise_p95,184.29,7.2,6.1147,1.4945,0.8495,0.6418,0.1551,12,0.78,161,3,1.287,6.741
gps_jamming,ekf,3x_noise_p95,184.39,7.3,6.1581,1.4945,0.8438,0.639,0.1518,12,0.78,171,3,1.394,3.524
gps_jamming,ekf,3x_noise_p95,184.49,7.4,6.2249,1.4945,0.8414,0.6394,0.1492,12,0.78,171,3,1.452,9.885
gps_jamming,ekf,3x_noise_p95,184.59,7.5,6.2185,1.4945,0.8293,0.63,0.1471,12,0.78,171,3,1.429,8.723
gps_jamming,ekf,3x_noise_p95,184.69,7.6,6.2233,1.4945,0.8191,0.6224,0.1455,12,0.78,171,3,1.294,3.933
gps_jamming,ekf,3x_noise_p95,184.79,7.7,6.1699,1.4945,0.8015,0.6073,0.1395,12,0.78,171,3,1.099,3.227
gps_jamming,ekf,3x_noise_p95,184.89,7.8,6.1211,1.4945,0.785,0.5933,0.1427,12,0.78,171,3,0.811,5.51
gps_jamming,ekf,3x_noise_p95,184.99,7.9,6.0125,1.4945,0.7613,0.572,0.1414,12,0.78,171,3,0.487,2.636
gps_jamming,ekf,3x_noise_p95,185.09,8.0,5.9047,1.4945,0.7383,0.5514,0.1404,12,0.78,171,3,0.116,7.409
gps_jamming,ekf,3x_noise_p95,185.19,8.1,5.7534,1.4945,0.7105,0.5259,0.1395,12,0.78,171,3,0.228,8.498
gps_jamming,ekf,3x_noise_p95,185.29,8.2,5.6163,1.4945,0.6851,0.5028,0.139,12,0.78,171,3,0.413,6.942
gps_jamming,ekf,3x_noise_p95,185.39,8.3,5.4768,1.4945,0.66,0.4799,0.139,12,0.78,159,3,0.508,0.959
gps_jamming,ekf,3x_noise_p95,185.49,8.4,5.3649,1.4945,0.6388,0.4609,0.136,12,0.78,159,3,0.519,2.599
gps_jamming,ekf,3x_noise_p95,185.59,8.5,5.2833,1.4945,0.6217,0.4459,0.1409,12,0.78,159,3,0.464,7.17
gps_jamming,ekf,3x_noise_p95,185.69,8.6,5.2329,1.4945,0.6086,0.4348,0.139,12,0.78,159,3,0.404,9.051
gps_jamming,ekf,3x_noise_p95,185.79,8.7,5.2196,1.4945,0.6001,0.4283,0.1437,12,0.78,159,3,0.355,10.784
gps_jamming,ekf,3x_noise_p95,185.89,8.8,5.2373,1.4945,0.5953,0.4254,0.1446,12,0.78,159,3,0.51,5.801
gps_jamming,ekf,3x_noise_p95,185.99,8.9,5.2622,1.4945,0.5914,0.4234,0.1445,12,0.78,159,3,0.677,5.378
gps_jamming,ekf,3x_noise_p95,186.09,9.0,5.3131,1.4945,0.5905,0.4244,0.1433,12,0.78,159,3,0.841,8.3
gps_jamming,ekf,3x_noise_p95,186.19,9.1,5.3357,1.4945,0.5865,0.4222,0.1409,12,0.78,159,3,0.922,11.163
gps_jamming,ekf,3x_noise_p95,186.29,9.2,5.3756,1.4945,0.5844,0.422,0.1375,12,0.78,159,3,0.913,6.454
gps_jamming,ekf,3x_noise_p95,186.39,9.3,5.3675,1.4945,0.5773,0.4166,0.1362,12,0.78,160,3,0.833,2.457
gps_jamming,ekf,3x_noise_p95,186.49,9.4,5.3688,1.4945,0.5713,0.4123,0.1283,12,0.78,160,3,0.694,8.948
gps_jamming,ekf,3x_noise_p95,186.59,9.5,5.3142,1.4945,0.5595,0.4022,0.1233,12,0.78,160,3,0.474,6.904
gps_jamming,ekf,3x_noise_p95,186.69,9.6,5.2637,1.4945,0.5484,0.3927,0.1182,12,0.78,160,3,0.217,6.787
gps_jamming,ekf,3x_noise_p95,186.79,9.7,5.1692,1.4945,0.533,0.3789,0.1134,12,0.78,160,3,0.204,5.649
gps_jamming,ekf,3x_noise_p95,186.89,9.8,5.0811,1.4945,0.5186,0.3661,0.1129,12,0.78,160,3,0.405,1.957
gps_jamming,ekf,3x_noise_p95,186.99,9.9,4.9827,1.4945,0.5034,0.3524,0.1044,12,0.78,160,3,0.574,8.679
gps_jamming,ekf,3x_noise_p95,187.09,10.0,4.8996,1.4945,0.4901,0.3406,0.1039,12,0.78,160,3,0.627,4.043
gps_jamming,ekf,3x_noise_p95,187.19,10.1,4.844,1.4945,0.4797,0.3317,0.0964,12,0.78,160,3,0.637,6.321
gps_jamming,ekf,3x_noise_p95,187.29,10.2,4.8106,1.4945,0.4717,0.3252,0.0923,12,0.78,160,3,0.533,4.568
gps_jamming,ekf,3x_noise_p95,187.39,10.3,4.8266,1.4945,0.4687,0.3236,0.0882,12,0.78,170,3,0.405,3.647
gps_jamming,ekf,3x_noise_p95,187.49,10.4,4.8603,1.4945,0.4674,0.3237,0.0842,12,0.78,170,3,0.317,6.382
gps_jamming,ekf,3x_noise_p95,187.59,10.5,4.9662,1.4945,0.4731,0.3307,0.0802,12,0.78,170,3,0.418,7.392
gps_jamming,ekf,3x_noise_p95,187.69,10.6,5.0786,1.4945,0.4792,0.3382,0.0763,12,0.78,170,3,0.554,2.983
gps_jamming,ekf,3x_noise_p95,187.79,10.7,5.2518,1.4945,0.4909,0.3512,0.0768,12,0.78,170,3,0.662,8.981
gps_jamming,ekf,3x_noise_p95,187.89,10.8,5.4067,1.4945,0.5007,0.3623,0.069,12,0.78,170,3,0.727,3.273
gps_jamming,ekf,3x_noise_p95,187.99,10.9,5.5761,1.4945,0.5117,0.3745,0.0698,12,0.78,170,3,0.674,9.696
gps_jamming,ekf,3x_noise_p95,188.09,11.0,5.7033,1.4945,0.5186,0.3827,0.062,12,0.78,170,3,0.566,9.365
gps_jamming,ekf,3x_noise_p95,188.19,11.1,5.8142,1.4945,0.5239,0.3893,0.0586,12,0.78,170,3,0.5,5.276
gps_jamming,ekf,3x_noise_p95,188.29,11.2,5.8886,1.4945,0.5259,0.3924,0.0593,12,0.78,170,3,0.406,8.083
gps_jamming,ekf,3x_noise_p95,188.39,11.3,5.9549,1.4945,0.5271,0.3948,0.0523,12,0.78,159,3,0.362,1.952
gps_jamming,ekf,3x_noise_p95,188.49,11.4,6.0011,1.4945,0.5265,0.3954,0.0529,12,0.78,159,3,0.359,5.31
gps_jamming,ekf,3x_noise_p95,188.59,11.5,6.0545,1.4945,0.5266,0.3966,0.0471,12,0.78,159,3,0.418,4.926
gps_jamming,ekf,3x_noise_p95,188.69,11.6,6.098,1.4945,0.5258,0.3969,0.0475,12,0.78,159,3,0.561,5.195
gps_jamming,ekf,3x_noise_p95,188.79,11.7,6.1656,1.4945,0.5271,0.3993,0.0434,12,0.78,159,3,0.73,6.146
gps_jamming,ekf,3x_noise_p95,188.89,11.8,6.2305,1.4945,0.5281,0.4015,0.0422,12,0.78,159,3,0.86,10.5
gps_jamming,ekf,3x_noise_p95,188.99,11.9,6.3286,1.4945,0.5319,0.4063,0.0431,12,0.78,159,3,1.048,16.245
gps_jamming,ekf,3x_noise_p95,189.1,12.01,6.4349,1.4945,0.5359,0.4115,0.0431,12,0.78,159,3,1.068,4.059
gps_jamming,ekf,3x_noise_p95,189.19,12.1,6.5332,1.4945,0.5401,0.4165,0.0431,12,0.78,159,3,1.061,4.29
gps_jamming,ekf,3x_noise_p95,189.29,12.2,6.6346,1.4945,0.544,0.4214,0.0428,12,0.78,159,3,0.966,11.407
gps_jamming,ekf,3x_noise_p95,189.39,12.3,6.7303,1.4945,0.5473,0.4258,0.0455,12,0.78,148,3,0.853,3.255
gps_jamming,ekf,3x_noise_p95,189.49,12.4,6.8115,1.4945,0.5495,0.4289,0.0462,12,0.78,148,3,0.642,3.16
gps_jamming,ekf,3x_noise_p95,189.59,12.5,6.8749,1.4945,0.5501,0.4305,0.0497,12,0.78,148,3,0.46,10.091
gps_jamming,ekf,3x_noise_p95,189.69,12.6,6.9202,1.4945,0.5494,0.4307,0.0519,12,0.78,148,3,0.319,6.852
gps_jamming,ekf,3x_noise_p95,189.8,12.71,6.9327,1.4945,0.5456,0.428,0.0562,12,0.78,148,3,0.223,6.059
gps_jamming,ekf,3x_noise_p95,189.89,12.8,6.9331,1.4945,0.5418,0.425,0.0562,12,0.78,148,3,0.243,3.314
gps_jamming,ekf,3x_noise_p95,189.99,12.9,6.9169,1.4945,0.5363,0.4204,0.0561,12,0.78,148,3,0.224,10.256
gps_jamming,ekf,3x_noise_p95,190.09,13.0,6.9092,1.4945,0.5316,0.4166,0.0587,12,0.78,148,3,0.267,3.315
gps_jamming,ekf,3x_noise_p95,190.19,13.1,6.9056,1.4945,0.5273,0.4132,0.0568,12,0.78,148,3,0.372,3.789
gps_jamming,ekf,3x_noise_p95,190.29,13.2,6.9236,1.4945,0.5246,0.4114,0.0579,12,0.78,148,3,0.528,7.245
gps_jamming,ekf,3x_noise_p95,190.39,13.3,6.9437,1.4945,0.5222,0.4098,0.0558,14,0.71,147,3,0.674,5.898
gps_jamming,ekf,3x_noise_p95,190.5,13.41,6.9833,1.4945,0.5209,0.4094,0.0485,14,0.71,147,3,0.749,4.842
gps_jamming,ekf,3x_noise_p95,190.59,13.5,6.9979,1.4945,0.5185,0.4078,0.0485,14,0.71,147,3,0.708,10.804
gps_jamming,ekf,3x_noise_p95,190.7,13.61,6.9956,1.4945,0.5141,0.4043,0.0383,14,0.71,147,3,0.48,8.864
gps_jamming,ekf,3x_noise_p95,190.79,13.7,6.9245,1.4945,0.5056,0.3964,0.0383,14,0.71,147,3,0.377,10.131
gps_jamming,ekf,3x_noise_p95,190.89,13.8,6.8379,1.4945,0.4956,0.3873,0.0303,14,0.71,147,3,0.48,5.014
gps_jamming,ekf,3x_noise_p95,190.99,13.9,6.6712,1.4945,0.4801,0.3725,0.0273,14,0.71,147,3,0.619,9.216
gps_jamming,ekf,3x_noise_p95,191.09,14.0,6.5257,1.4945,0.4662,0.3595,0.0217,14,0.71,147,3,0.696,5.487
gps_jamming,ekf,3x_noise_p95,191.19,14.1,6.331,1.4945,0.4491,0.3431,0.0136,14,0.71,147,3,0.755,6.068
gps_jamming,ekf,3x_noise_p95,191.29,14.2,6.1742,1.4945,0.4349,0.3296,0.0106,14,0.71,147,3,0.758,6.589
gps_jamming,ekf,3x_noise_p95,191.4,14.31,5.9954,1.4945,0.4191,0.3146,-0.0014,14,0.71,148,3,0.688,1.505
gps_jamming,ekf,3x_noise_p95,191.49,14.4,5.8919,1.4945,0.4093,0.3055,-0.0014,14,0.71,148,3,0.554,6.942
gps_jamming,ekf,3x_noise_p95,191.59,14.5,5.7947,1.4945,0.3997,0.2966,-0.0117,14,0.71,148,3,0.444,11.696
gps_jamming,ekf,3x_noise_p95,191.69,14.6,5.7524,1.4945,0.3941,0.2917,-0.0155,14,0.71,148,3,0.474,3.787
gps_jamming,ekf,3x_noise_p95,191.79,14.7,5.7199,1.4945,0.3892,0.2875,-0.0281,14,0.71,148,3,0.574,12.334
gps_jamming,ekf,3x_noise_p95,191.9,14.81,5.7303,1.4945,0.387,0.2861,-0.0437,14,0.71,148,3,0.755,2.542
gps_jamming,ekf,3x_noise_p95,191.99,14.9,5.7531,1.4945,0.3862,0.2859,-0.0437,14,0.71,148,3,0.84,2.315
gps_jamming,ekf,3x_noise_p95,192.1,15.01,5.7927,1.4945,0.386,0.2864,-0.0682,14,0.71,148,3,0.626,4.329
gps_jamming,ekf,3x_noise_p95,192.19,15.1,5.7913,1.4945,0.3836,0.2846,-0.0682,14,0.71,148,3,0.481,6.881
gps_jamming,ekf,3x_noise_p95,192.29,15.2,5.771,1.4945,0.3798,0.2814,-0.0873,14,0.71,148,3,0.704,6.166
gps_jamming,ekf,3x_noise_p95,192.39,15.3,5.7367,1.4945,0.375,0.2773,-0.0964,14,0.71,148,3,0.817,4.071
gps_jamming,ekf,3x_noise_p95,192.49,15.4,5.7035,1.4945,0.3705,0.2734,-0.1115,14,0.71,148,3,1.048,4.782
gps_jamming,ekf,3x_noise_p95,192.59,15.5,5.6627,1.4945,0.3654,0.269,-0.1268,14,0.71,148,3,1.246,7.473
gps_jamming,ekf,3x_noise_p95,192.69,15.6,5.6223,1.4945,0.3605,0.2647,-0.1419,14,0.71,148,3,1.366,4.564
gps_jamming,ekf,3x_noise_p95,192.8,15.71,5.5798,1.4945,0.3553,0.2601,-0.1706,14,0.71,148,3,1.406,3.983
gps_jamming,ekf,3x_noise_p95,192.89,15.8,5.5454,1.4945,0.3511,0.2565,-0.1706,14,0.71,148,3,1.398,2.405
gps_jamming,ekf,3x_noise_p95,193.0,15.91,5.5126,1.4945,0.3466,0.2526,-0.1965,14,0.71,148,3,1.305,2.296
gps_jamming,ekf,3x_noise_p95,193.09,16.0,5.488,1.4945,0.3431,0.2497,-0.1965,14,0.71,148,3,1.175,2.887
gps_jamming,ekf,3x_noise_p95,193.19,16.1,5.4899,1.4945,0.3411,0.2482,-0.2088,14,0.71,148,3,0.937,11.131
gps_jamming,ekf,3x_noise_p95,193.3,16.21,5.4997,1.4945,0.3394,0.2471,-0.2324,14,0.71,148,3,0.678,1.219
gps_jamming,ekf,3x_noise_p95,193.39,16.3,5.5377,1.4945,0.3398,0.2481,-0.2324,14,0.71,158,3,0.426,7.896
gps_jamming,ekf,3x_noise_p95,193.5,16.41,5.5842,1.4945,0.3404,0.2493,-0.2545,14,0.71,158,3,0.185,0.516
gps_jamming,ekf,3x_noise_p95,193.59,16.5,5.6396,1.4945,0.3419,0.2513,-0.2545,14,0.71,158,3,0.047,10.249
gps_jamming,ekf,3x_noise_p95,193.7,16.61,5.6986,1.4945,0.3432,0.2532,-0.274,14,0.71,158,3,0.079,5.163
gps_jamming,ekf,3x_noise_p95,193.79,16.7,5.7495,1.4945,0.3444,0.2549,-0.274,14,0.71,158,3,0.098,4.164
gps_jamming,ekf,3x_noise_p95,193.89,16.8,5.7947,1.4945,0.345,0.256,-0.2826,14,0.71,158,3,0.06,4.267
gps_jamming,ekf,3x_noise_p95,194.0,16.91,5.8409,1.4945,0.3455,0.2571,-0.2972,14,0.71,158,3,0.059,4.042
gps_jamming,ekf,3x_noise_p95,194.09,17.0,5.8693,1.4945,0.3453,0.2574,-0.2972,14,0.71,158,3,0.05,3.115
gps_jamming,ekf,3x_noise_p95,194.2,17.11,5.89,1.4945,0.3443,0.257,-0.3082,14,0.71,158,3,0.034,5.34
gps_jamming,ekf,3x_noise_p95,194.29,17.2,5.9022,1.4945,0.3432,0.2563,-0.3082,14,0.71,158,3,0.02,9.023
gps_jamming,ekf,3x_noise_p95,194.4,17.31,5.9112,1.4945,0.3416,0.2552,-0.3167,14,0.71,147,3,0.148,4.977
gps_jamming,ekf,3x_noise_p95,194.49,17.4,5.9118,1.4945,0.3398,0.2539,-0.3167,14,0.71,147,3,0.289,4.565
gps_jamming,ekf,3x_noise_p95,194.6,17.51,5.9026,1.4945,0.3372,0.2518,-0.3241,14,0.71,147,3,0.447,7.572
gps_jamming,ekf,3x_noise_p95,194.7,17.61,5.8954,1.4945,0.3349,0.25,-0.3277,14,0.71,147,3,0.515,5.321
gps_jamming,ekf,3x_noise_p95,194.79,17.7,5.8889,1.4945,0.3328,0.2483,-0.3277,14,0.71,147,3,0.569,7.405
gps_jamming,ekf,3x_noise_p95,194.9,17.81,5.8828,1.4945,0.3304,0.2465,-0.3351,14,0.71,147,3,0.505,8.067
gps_jamming,ekf,3x_noise_p95,194.99,17.9,5.8669,1.4945,0.3278,0.2443,-0.3351,14,0.71,147,3,0.414,4.842
gps_jamming,ekf,3x_noise_p95,195.1,18.01,5.8416,1.4945,0.3244,0.2414,-0.3426,14,0.71,147,3,0.287,8.186
gps_jamming,ekf,3x_noise_p95,195.19,18.1,5.8046,1.4945,0.3208,0.2382,-0.3426,14,0.71,147,3,0.279,5.927
gps_jamming,ekf,3x_noise_p95,195.3,18.21,5.7619,1.4945,0.3165,0.2344,-0.3489,14,0.71,147,3,0.253,12.4
gps_jamming,ekf,3x_noise_p95,195.4,18.31,5.7119,1.4945,0.312,0.2304,-0.3509,14,0.71,147,3,0.382,2.434
gps_jamming,ekf,3x_noise_p95,195.49,18.4,5.6797,1.4945,0.3088,0.2275,-0.3509,14,0.71,147,3,0.489,11.133
gps_jamming,ekf,3x_noise_p95,195.6,18.51,5.6471,1.4945,0.3052,0.2244,-0.3517,14,0.71,147,3,0.649,4.483
gps_jamming,ekf,3x_noise_p95,195.69,18.6,5.6333,1.4945,0.3029,0.2226,-0.3517,14,0.71,147,3,0.737,6.46
gps_jamming,ekf,3x_noise_p95,195.8,18.71,5.6153,1.4945,0.3002,0.2203,-0.3486,14,0.71,147,3,0.728,2.454
gps_jamming,ekf,3x_noise_p95,195.89,18.8,5.6072,1.4945,0.2983,0.2188,-0.3486,14,0.71,147,3,0.666,10.886
gps_jamming,ekf,3x_noise_p95,196.0,18.91,5.5815,1.4945,0.2952,0.2162,-0.3435,14,0.71,147,3,0.589,4.525
gps_jamming,ekf,3x_noise_p95,196.1,19.01,5.555,1.4945,0.2923,0.2137,-0.3409,14,0.71,147,3,0.465,5.881
gps_jamming,ekf,3x_noise_p95,196.19,19.1,5.5008,1.4945,0.2881,0.2098,-0.3409,14,0.71,147,3,0.351,5.395
gps_jamming,ekf,3x_noise_p95,196.3,19.21,5.4418,1.4945,0.2834,0.2055,-0.3373,14,0.71,147,3,0.239,2.507
gps_jamming,ekf,3x_noise_p95,196.39,19.3,5.3756,1.4945,0.2786,0.2011,-0.3373,14,0.71,147,3,0.153,8.578
gps_jamming,ekf,3x_noise_p95,196.5,19.41,5.3031,1.4945,0.2733,0.1963,-0.3371,14,0.71,147,3,0.201,2.939
gps_jamming,ekf,3x_noise_p95,196.59,19.5,5.2197,1.4945,0.2677,0.1911,-0.3371,14,0.71,147,3,0.367,7.432
gps_jamming,ekf,3x_noise_p95,196.7,19.61,5.1296,1.4945,0.2616,0.1854,-0.3398,14,0.71,147,3,0.551,3.077
gps_jamming,ekf,3x_noise_p95,196.79,19.7,5.0355,1.4945,0.2557,0.1798,-0.3398,14,0.71,147,3,0.668,1.891
gps_jamming,ekf,3x_noise_p95,196.9,19.8,4.9413,1.4945,0.2495,0.174,-0.3396,14,0.71,147,3,0.762,5.36
gps_jamming,ekf,3x_noise_p95,197.0,19.9,4.8306,1.4945,0.2427,0.1676,-0.3445,14,0.71,147,3,0.731,4.075
gps_jamming,ekf,3x_noise_p95,197.09,19.99,4.7519,1.4945,0.2377,0.1629,-0.3445,14,0.71,147,3,0.645,7.844
gps_jamming,ekf,3x_noise_p95,197.2,20.1,4.6234,1.4945,0.23,0.1556,-0.3453,14,0.71,147,3,0.494,9.876
gps_jamming,ekf,3x_noise_p95,197.29,20.19,4.5381,1.4945,0.2247,0.1507,-0.3453,14,0.71,147,3,0.316,4.536
gps_jamming,ekf,3x_noise_p95,197.4,20.3,4.4125,1.4945,0.2173,0.1437,-0.3436,13,0.79,147,3,0.227,1.846
gps_jamming,ekf,3x_noise_p95,197.5,20.4,4.3228,1.4945,0.2119,0.1386,-0.3415,13,0.79,147,3,0.249,6.996
gps_jamming,ekf,3x_noise_p95,197.6,20.5,4.2431,1.4945,0.2069,0.134,-0.339,13,0.79,147,3,0.281,4.82
gps_jamming,ekf,3x_noise_p95,197.69,20.6,4.1795,1.4945,0.2029,0.1303,-0.3358,13,0.79,147,3,0.414,12.682
gps_jamming,ekf,3x_noise_p95,197.79,20.7,4.1165,1.4945,0.1989,0.1267,-0.3292,13,0.79,147,3,0.574,1.17
gps_jamming,ekf,3x_noise_p95,197.89,20.8,4.0455,1.4945,0.1945,0.1226,-0.3286,13,0.79,147,3,0.723,4.198
gps_jamming,ekf,3x_noise_p95,197.99,20.9,3.9531,1.4945,0.1891,0.1176,-0.3218,13,0.79,147,3,0.831,4.543
gps_jamming,ekf,3x_noise_p95,198.09,21.0,3.8583,1.4945,0.1837,0.1126,-0.3212,13,0.79,147,3,0.92,13.055
gps_jamming,ekf,3x_noise_p95,198.19,21.1,3.765,1.4945,0.1784,0.1076,-0.3178,13,0.79,147,3,0.931,1.263
gps_jamming,ekf,3x_noise_p95,198.29,21.2,3.6848,1.4945,0.1738,0.1033,-0.3119,13,0.79,147,3,0.852,5.784
gps_jamming,ekf,3x_noise_p95,198.39,21.3,3.6447,1.4945,0.1711,0.101,-0.3115,12,0.82,147,3,0.673,0.748
gps_jamming,ekf,3x_noise_p95,198.49,21.4,3.6214,1.4945,0.1692,0.0994,-0.307,12,0.82,147,3,0.442,8.554
gps_jamming,ekf,3x_noise_p95,198.59,21.5,3.6375,1.4945,0.1692,0.0997,-0.3062,12,0.82,147,3,0.273,5.649
gps_jamming,ekf,3x_noise_p95,198.69,21.6,3.6626,1.4945,0.1696,0.1004,-0.3032,12,0.82,147,3,0.149,3.413
gps_jamming,ekf,3x_noise_p95,198.79,21.7,3.695,1.4945,0.1703,0.1014,-0.3018,12,0.82,147,3,0.179,9.03
gps_jamming,ekf,3x_noise_p95,198.89,21.8,3.7177,1.4945,0.1705,0.102,-0.2997,12,0.82,147,3,0.234,6.437
gps_jamming,ekf,3x_noise_p95,198.99,21.9,3.714,1.4945,0.1696,0.1013,-0.2984,12,0.82,147,3,0.393,10.714
gps_jamming,ekf,3x_noise_p95,199.09,22.0,3.7073,1.4945,0.1685,0.1006,-0.2951,12,0.82,147,3,0.506,5.016
gps_jamming,ekf,3x_noise_p95,199.19,22.1,3.6834,1.4945,0.1667,0.099,-0.294,12,0.82,147,3,0.597,7.745
gps_jamming,ekf,3x_noise_p95,199.29,22.2,3.6466,1.4945,0.1643,0.0969,-0.2889,12,0.82,147,3,0.662,8.545
gps_jamming,ekf,3x_noise_p95,199.39,22.3,3.5466,1.4945,0.159,0.092,-0.2873,12,0.82,147,3,0.691,6.975
gps_jamming,ekf,3x_noise_p95,199.49,22.4,3.4462,1.4945,0.1539,0.0871,-0.2801,12,0.82,147,3,0.691,1.174
gps_jamming,ekf,3x_noise_p95,199.59,22.5,3.3375,1.4945,0.1483,0.0819,-0.2775,12,0.82,147,3,0.74,4.629
gps_jamming,ekf,3x_noise_p95,199.69,22.6,3.2304,1.4945,0.1429,0.0768,-0.2715,12,0.82,147,3,0.856,2.97
gps_jamming,ekf,3x_noise_p95,199.79,22.7,3.1355,1.4945,0.1381,0.0723,-0.2613,12,0.82,147,3,0.966,4.76
gps_jamming,ekf,3x_noise_p95,199.89,22.8,3.0382,1.4945,0.1333,0.0677,-0.2577,12,0.82,147,3,1.029,8.607
gps_jamming,ekf,3x_noise_p95,199.99,22.9,2.9731,1.4945,0.1298,0.0646,-0.246,12,0.82,147,3,1.026,2.518
gps_jamming,ekf,3x_noise_p95,200.09,23.0,2.9067,1.4945,0.1264,0.0614,-0.2425,12,0.82,147,3,0.977,3.49
gps_jamming,ekf,3x_noise_p95,200.19,23.1,2.8847,1.4945,0.1249,0.0602,-0.2303,12,0.82,147,3,0.913,4.669
gps_jamming,ekf,3x_noise_p95,200.29,23.2,2.8737,1.4945,0.1239,0.0594,-0.2272,12,0.82,147,3,0.86,5.163
gps_jamming,ekf,3x_noise_p95,200.39,23.3,2.9135,1.4945,0.125,0.0609,-0.2196,13,0.74,147,3,0.892,6.596
gps_jamming,ekf,3x_noise_p95,200.49,23.4,2.9656,1.4945,0.1267,0.0629,-0.207,13,0.74,147,3,1.062,1.686
gps_jamming,ekf,3x_noise_p95,200.59,23.5,3.0644,1.4945,0.1304,0.0668,-0.2043,13,0.74,147,3,1.276,6.497
gps_jamming,ekf,3x_noise_p95,200.69,23.6,3.1697,1.4945,0.1343,0.071,-0.1907,13,0.74,147,3,1.459,6.738
gps_jamming,ekf,3x_noise_p95,200.79,23.7,3.2821,1.4945,0.1385,0.0754,-0.1878,13,0.74,147,3,1.543,2.989
gps_jamming,ekf,3x_noise_p95,200.89,23.8,3.3958,1.4945,0.1427,0.0799,-0.173,13,0.74,147,3,1.562,5.375
gps_jamming,ekf,3x_noise_p95,200.99,23.9,3.5027,1.4945,0.1466,0.084,-0.1704,13,0.74,147,3,1.458,1.775
gps_jamming,ekf,3x_noise_p95,201.09,24.0,3.5958,1.4945,0.1498,0.0876,-0.1617,13,0.74,147,3,1.306,6.741
gps_jamming,ekf,3x_noise_p95,201.19,24.1,3.6442,1.4945,0.1512,0.0892,-0.1466,13,0.74,147,3,1.028,4.144
gps_jamming,ekf,3x_noise_p95,201.29,24.2,3.6597,1.4945,0.1512,0.0895,-0.1453,13,0.74,147,3,0.796,11.698
gps_jamming,ekf,3x_noise_p95,201.39,24.3,3.6103,1.4945,0.1486,0.0871,-0.1311,14,0.71,157,3,0.77,5.874
gps_jamming,ekf,3x_noise_p95,201.49,24.4,3.5374,1.4945,0.145,0.0837,-0.1308,14,0.71,157,3,0.857,6.999
gps_jamming,ekf,3x_noise_p95,201.59,24.5,3.4639,1.4945,0.1414,0.0804,-0.1178,14,0.71,157,3,0.98,3.272
gps_jamming,ekf,3x_noise_p95,201.69,24.6,3.3724,1.4945,0.1371,0.0763,-0.1182,14,0.71,157,3,1.079,4.835
gps_jamming,ekf,3x_noise_p95,201.79,24.7,3.3286,1.4945,0.1348,0.0743,-0.1066,14,0.71,157,3,1.091,5.189
gps_jamming,ekf,3x_noise_p95,201.89,24.8,3.2697,1.4945,0.1319,0.0716,-0.1073,14,0.71,157,3,1.102,3.446
gps_jamming,ekf,3x_noise_p95,201.99,24.9,3.2823,1.4945,0.1318,0.0718,-0.1025,14,0.71,157,3,1.078,7.904
gps_jamming,ekf,3x_noise_p95,202.09,25.0,3.2865,1.4945,0.1315,0.0717,-0.093,14,0.71,157,3,1.043,5.933
gps_jamming,ekf,3x_noise_p95,202.19,25.1,3.34,1.4945,0.1331,0.0735,-0.0938,14,0.71,157,3,1.05,7.208
gps_jamming,ekf,3x_noise_p95,202.29,25.2,3.4119,1.4945,0.1354,0.0761,-0.0858,14,0.71,157,3,1.203,6.823
gps_jamming,ekf,3x_noise_p95,202.39,25.3,3.51,1.4945,0.1387,0.0797,-0.0864,14,0.71,157,3,1.495,5.932
gps_jamming,ekf,3x_noise_p95,202.49,25.4,3.6395,1.4945,0.1433,0.0845,-0.083,14,0.71,157,3,1.733,3.839
gps_jamming,ekf,3x_noise_p95,202.59,25.5,3.7284,1.4945,0.1462,0.0876,-0.0795,14,0.71,157,3,1.865,4.248
gps_jamming,ekf,3x_noise_p95,202.69,25.6,3.8467,1.4945,0.1503,0.0919,-0.0759,14,0.71,157,3,1.954,1.821
gps_jamming,ekf,3x_noise_p95,202.79,25.7,3.8841,1.4945,0.1511,0.093,-0.0719,14,0.71,157,3,1.917,5.785
gps_jamming,ekf,3x_noise_p95,202.89,25.8,3.9417,1.4945,0.1528,0.0949,-0.0678,14,0.71,157,3,1.82,4.046
gps_jamming,ekf,3x_noise_p95,202.99,25.9,3.9204,1.4945,0.1514,0.0937,-0.0636,14,0.71,157,3,1.625,2.345
gps_jamming,ekf,3x_noise_p95,203.09,26.0,3.9285,1.4945,0.1511,0.0936,-0.0595,14,0.71,157,3,1.373,7.285
gps_jamming,ekf,3x_noise_p95,203.19,26.1,3.8452,1.4945,0.1473,0.0901,-0.0557,14,0.71,157,3,1.1,5.593
gps_jamming,ekf,3x_noise_p95,203.29,26.2,3.7862,1.4945,0.1445,0.0875,-0.0523,14,0.71,157,3,0.803,7.863
gps_jamming,ekf,3x_noise_p95,203.39,26.3,3.6552,1.4945,0.139,0.0822,-0.0497,14,0.71,157,3,0.565,8.814
gps_jamming,ekf,3x_noise_p95,203.49,26.4,3.5439,1.4945,0.1342,0.0776,-0.0476,14,0.71,157,3,0.522,4.557
gps_jamming,ekf,3x_noise_p95,203.59,26.5,3.3897,1.4945,0.1279,0.0715,-0.0463,14,0.71,157,3,0.621,6.693
gps_jamming,ekf,3x_noise_p95,203.69,26.6,3.2561,1.4945,0.1224,0.0662,-0.0455,14,0.71,157,3,0.729,5.946
gps_jamming,ekf,3x_noise_p95,203.79,26.7,3.1176,1.4945,0.1168,0.0608,-0.0447,14,0.71,157,3,0.812,4.199
gps_jamming,ekf,3x_noise_p95,203.89,26.8,3.0102,1.4945,0.1123,0.0566,-0.0441,14,0.71,157,3,0.843,11.594
gps_jamming,ekf,3x_noise_p95,203.99,26.9,2.9281,1.4945,0.1089,0.0533,-0.0437,14,0.71,157,3,0.83,3.365
gps_jamming,ekf,3x_noise_p95,204.09,27.0,2.8782,1.4945,0.1066,0.0513,-0.0433,14,0.71,157,3,0.756,6.355
gps_jamming,ekf,3x_noise_p95,204.19,27.1,2.8653,1.4945,0.1057,0.0506,-0.0431,14,0.71,157,3,0.707,4.225
gps_jamming,ekf,3x_noise_p95,204.29,27.2,2.8827,1.4945,0.106,0.051,-0.0431,14,0.71,157,3,0.725,3.407
gps_jamming,ekf,3x_noise_p95,204.39,27.3,2.9234,1.4945,0.1071,0.0523,-0.0418,14,0.71,157,3,0.807,5.795
gps_jamming,ekf,3x_noise_p95,204.49,27.4,2.9911,1.4945,0.1092,0.0546,-0.0445,14,0.71,157,3,0.943,8.665
gps_jamming,ekf,3x_noise_p95,204.59,27.5,3.0661,1.4945,0.1115,0.0572,-0.0465,14,0.71,157,3,1.009,4.412
gps_jamming,ekf,3x_noise_p95,204.69,27.6,3.1548,1.4945,0.1143,0.0602,-0.0493,14,0.71,157,3,1.03,1.094
gps_jamming,ekf,3x_noise_p95,204.79,27.7,3.2015,1.4945,0.1156,0.0616,-0.053,14,0.71,157,3,0.947,8.478
gps_jamming,ekf,3x_noise_p95,204.89,27.8,3.2555,1.4945,0.1171,0.0634,-0.0575,14,0.71,157,3,0.861,2.995
gps_jamming,ekf,3x_noise_p95,204.99,27.9,3.2562,1.4945,0.1167,0.0631,-0.0628,14,0.71,157,3,0.724,2.419
gps_jamming,ekf,3x_noise_p95,205.09,28.0,3.2613,1.4945,0.1165,0.0631,-0.0659,14,0.71,157,3,0.659,7.801
gps_jamming,ekf,3x_noise_p95,205.19,28.1,3.2308,1.4945,0.115,0.0618,-0.0747,14,0.71,157,3,0.634,4.988
gps_jamming,ekf,3x_noise_p95,205.29,28.2,3.213,1.4945,0.1139,0.0609,-0.0787,14,0.71,157,3,0.704,5.982
gps_jamming,ekf,3x_noise_p95,205.39,28.3,3.1925,1.4945,0.1128,0.06,-0.0874,14,0.71,157,3,0.781,9.174
gps_jamming,ekf,3x_noise_p95,205.49,28.4,3.1928,1.4945,0.1124,0.0598,-0.0937,14,0.71,157,3,0.822,2.275
gps_jamming,ekf,3x_noise_p95,205.59,28.5,3.2068,1.4945,0.1125,0.0601,-0.0997,14,0.71,157,3,0.834,6.485
gps_jamming,ekf,3x_noise_p95,205.69,28.6,3.2383,1.4945,0.1132,0.061,-0.1053,14,0.71,157,3,0.844,1.051
gps_jamming,ekf,3x_noise_p95,205.79,28.7,3.2574,1.4945,0.1135,0.0614,-0.1082,14,0.71,157,3,0.771,1.726
gps_jamming,ekf,3x_noise_p95,205.89,28.8,3.2797,1.4945,0.1139,0.062,-0.115,14,0.71,157,3,0.666,10.014
gps_jamming,ekf,3x_noise_p95,205.99,28.9,3.2546,1.4945,0.1126,0.0609,-0.1168,14,0.71,157,3,0.462,5.433
gps_jamming,ekf,3x_noise_p95,206.09,29.0,3.2273,1.4945,0.1113,0.0598,-0.123,14,0.71,157,3,0.329,7.452
gps_jamming,ekf,3x_noise_p95,206.19,29.1,3.1589,1.4945,0.1086,0.0572,-0.1264,14,0.71,157,3,0.286,8.911
gps_jamming,ekf,3x_noise_p95,206.29,29.2,3.0946,1.4945,0.106,0.0548,-0.1295,14,0.71,157,3,0.343,5.398
gps_jamming,ekf,3x_noise_p95,206.39,29.3,3.0212,1.4945,0.1031,0.0521,-0.1325,14,0.71,157,3,0.368,3.652
gps_jamming,ekf,3x_noise_p95,206.49,29.4,2.9585,1.4945,0.1006,0.0498,-0.133,14,0.71,157,3,0.384,9.796
gps_jamming,ekf,3x_noise_p95,206.59,29.5,2.8982,1.4945,0.0983,0.0476,-0.1396,14,0.71,157,3,0.315,7.251
gps_jamming,ekf,3x_noise_p95,206.69,29.6,2.8549,1.4945,0.0965,0.046,-0.141,14,0.71,157,3,0.226,5.797
gps_jamming,ekf,3x_noise_p95,206.79,29.7,2.8245,1.4945,0.0951,0.0448,-0.1491,14,0.71,157,3,0.112,6.192
gps_jamming,ekf,3x_noise_p95,206.89,29.8,2.8073,1.4945,0.0942,0.0441,-0.1514,14,0.71,157,3,0.04,14.558
gps_jamming,ekf,3x_noise_p95,206.99,29.9,2.7947,1.4945,0.0935,0.0435,-0.1613,14,0.71,157,3,0.013,9.821
gps_jamming,ekf,3x_noise_p95,207.09,30.0,2.7902,1.4945,0.093,0.0432,-0.1681,14,0.71,157,3,0.04,13.92
gps_jamming,ekf,3x_noise_p95,207.19,30.1,2.7936,1.4945,0.0928,0.0432,-0.1753,14,0.71,157,3,0.054,4.544
gps_jamming,ekf,3x_noise_p95,207.29,30.2,2.8068,1.4945,0.0929,0.0435,-0.1827,14,0.71,157,3,0.157,8.755
gps_jamming,ekf,3x_noise_p95,207.39,30.3,2.8413,1.4945,0.0938,0.0445,-0.1849,14,0.71,156,3,0.287,1.007
gps_jamming,ekf,3x_noise_p95,207.49,30.4,2.8912,1.4945,0.0951,0.0459,-0.1968,14,0.71,156,3,0.471,0.33
gps_jamming,ekf,3x_noise_p95,207.59,30.5,2.9661,1.4945,0.0973,0.0483,-0.1977,14,0.71,156,3,0.626,2.582
gps_jamming,ekf,3x_noise_p95,207.69,30.6,3.0502,1.4945,0.0997,0.0508,-0.2083,14,0.71,156,3,0.723,7.518
gps_jamming,ekf,3x_noise_p95,207.79,30.7,3.137,1.4945,0.1022,0.0535,-0.2128,14,0.71,156,3,0.764,3.292
gps_jamming,ekf,3x_noise_p95,207.89,30.8,3.2187,1.4945,0.1045,0.056,-0.2168,14,0.71,156,3,0.718,8.205
gps_jamming,ekf,3x_noise_p95,207.99,30.9,3.284,1.4945,0.1063,0.0579,-0.2201,14,0.71,156,3,0.673,1.046
gps_jamming,ekf,3x_noise_p95,208.09,31.0,3.3395,1.4945,0.1077,0.0595,-0.2192,14,0.71,156,3,0.569,2.058
gps_jamming,ekf,3x_noise_p95,208.19,31.1,3.3741,1.4945,0.1085,0.0604,-0.2252,14,0.71,156,3,0.453,4.333
gps_jamming,ekf,3x_noise_p95,208.29,31.2,3.3926,1.4945,0.1087,0.0608,-0.2246,14,0.71,156,3,0.285,12.37
gps_jamming,ekf,3x_noise_p95,208.39,31.3,3.335,1.4945,0.1066,0.0588,-0.2296,12,0.77,146,3,0.14,13.704
gps_jamming,ekf,3x_noise_p95,208.49,31.4,3.2767,1.4945,0.1044,0.0568,-0.232,12,0.77,146,3,0.138,2.989
gps_jamming,ekf,3x_noise_p95,208.59,31.5,3.1679,1.4945,0.1006,0.0531,-0.2329,12,0.77,146,3,0.191,9.976
gps_jamming,ekf,3x_noise_p95,208.7,31.61,3.0675,1.4945,0.0971,0.0498,-0.2411,12,0.77,146,3,0.257,2.735
gps_jamming,ekf,3x_noise_p95,208.79,31.7,2.9872,1.4945,0.0942,0.0471,-0.2411,12,0.77,146,3,0.239,7.21
gps_jamming,ekf,3x_noise_p95,208.89,31.8,2.9208,1.4945,0.0919,0.0449,-0.2475,12,0.77,146,3,0.18,2.575
gps_jamming,ekf,3x_noise_p95,208.99,31.9,2.8661,1.4945,0.0899,0.043,-0.2516,12,0.77,146,3,0.11,2.112
gps_jamming,ekf,3x_noise_p95,209.09,32.0,2.8293,1.4945,0.0884,0.0417,-0.2568,12,0.77,146,3,0.057,0.661
gps_jamming,ekf,3x_noise_p95,209.19,32.1,2.7992,1.4945,0.0872,0.0406,-0.2617,12,0.77,146,3,0.022,9.952
gps_jamming,ekf,3x_noise_p95,209.29,32.2,2.775,1.4945,0.0862,0.0398,-0.2659,12,0.77,146,3,0.055,3.372
gps_jamming,ekf,3x_noise_p95,209.4,32.31,2.7228,1.4945,0.0843,0.038,-0.2722,12,0.77,147,3,0.065,3.086
gps_jamming,ekf,3x_noise_p95,209.49,32.4,2.6867,1.4945,0.0829,0.0368,-0.2722,12,0.77,147,3,0.093,3.267
gps_jamming,ekf,3x_noise_p95,209.59,32.5,2.6254,1.4945,0.0808,0.0348,-0.2748,12,0.77,147,3,0.117,5.979
gps_jamming,ekf,3x_noise_p95,209.69,32.6,2.5715,1.4945,0.0789,0.033,-0.2776,12,0.77,147,3,0.149,8.076
gps_jamming,ekf,3x_noise_p95,209.79,32.7,2.5078,1.4945,0.0767,0.031,-0.2803,12,0.77,147,3,0.214,7.064
gps_jamming,ekf,3x_noise_p95,209.89,32.8,2.4559,1.4945,0.0749,0.0293,-0.2836,12,0.77,147,3,0.183,5.965
gps_jamming,ekf,3x_noise_p95,209.99,32.9,2.4044,1.4945,0.0731,0.0277,-0.2872,12,0.77,147,3,0.178,9.541
gps_jamming,ekf,3x_noise_p95,210.1,33.01,2.3719,1.4945,0.0719,0.0266,-0.2956,12,0.77,147,3,0.176,5.24
gps_jamming,ekf,3x_noise_p95,210.19,33.1,2.3652,1.4945,0.0715,0.0263,-0.2956,12,0.77,147,3,0.231,3.132
gps_jamming,ekf,3x_noise_p95,210.3,33.21,2.3553,1.4945,0.0709,0.0259,-0.304,12,0.77,147,3,0.29,2.417
gps_jamming,ekf,3x_noise_p95,210.39,33.3,2.3366,1.4945,0.0702,0.0253,-0.304,12,0.77,146,3,0.356,6.889
gps_jamming,ekf,3x_noise_p95,210.49,33.4,2.3131,1.4945,0.0693,0.0245,-0.3078,12,0.77,146,3,0.372,4.212
gps_jamming,ekf,3x_noise_p95,210.59,33.5,2.2821,1.4945,0.0681,0.0235,-0.3114,12,0.77,146,3,0.433,9.005
gps_jamming,ekf,3x_noise_p95,210.69,33.6,2.2487,1.4945,0.0669,0.0224,-0.3144,12,0.77,146,3,0.483,9.438
gps_jamming,ekf,3x_noise_p95,210.8,33.71,2.1975,1.4945,0.0652,0.0209,-0.319,12,0.77,146,3,0.536,7.995
gps_jamming,ekf,3x_noise_p95,210.89,33.8,2.1494,1.4945,0.0636,0.0194,-0.319,12,0.77,146,3,0.61,9.1
gps_jamming,ekf,3x_noise_p95,211.0,33.91,2.0789,1.4945,0.0613,0.0172,-0.3222,12,0.77,146,3,0.628,10.923
gps_jamming,ekf,3x_noise_p95,211.09,34.0,2.0274,1.4945,0.0596,0.0157,-0.3222,12,0.77,146,3,0.518,8.717
gps_jamming,ekf,3x_noise_p95,211.19,34.1,1.9758,1.4945,0.0579,0.0141,-0.3237,12,0.77,146,3,0.369,8.838
gps_jamming,ekf,3x_noise_p95,211.29,34.2,1.9388,1.4945,0.0567,0.013,-0.3253,12,0.77,146,3,0.289,6.517
gps_jamming,ekf,3x_noise_p95,211.39,34.3,1.8957,1.4945,0.0553,0.0117,-0.3272,13,0.73,146,3,0.195,2.434
gps_jamming,ekf,3x_noise_p95,211.5,34.41,1.8578,1.4945,0.054,0.0106,-0.3316,13,0.73,146,3,0.2,11.154
gps_jamming,ekf,3x_noise_p95,211.59,34.5,1.8182,1.4945,0.0527,0.0094,-0.3316,13,0.73,146,3,0.233,8.102
gps_jamming,ekf,3x_noise_p95,211.7,34.61,1.7631,1.4945,0.0509,0.0078,-0.337,13,0.73,146,3,0.437,2.891
gps_jamming,ekf,3x_noise_p95,211.79,34.7,1.6939,1.4945,0.0488,0.0057,-0.337,13,0.73,146,3,0.637,3.938
gps_jamming,ekf,3x_noise_p95,211.9,34.81,1.5946,1.4945,0.0458,0.0029,-0.3419,13,0.73,146,3,0.89,0.886
gps_jamming,ekf,3x_noise_p95,211.99,34.9,1.5008,1.4945,0.043,0.0002,-0.3419,13,0.73,146,3,1.067,3.693
gps_jamming,ekf,3x_noise_p95,212.09,35.0,1.3875,1.4945,0.0396,0.0,-0.3438,13,0.73,146,3,1.19,5.593
gps_jamming,ekf,3x_noise_p95,212.19,35.1,1.2707,1.4945,0.0362,0.0,-0.3452,13,0.73,146,3,1.204,5.232
gps_jamming,ekf,3x_noise_p95,212.29,35.2,1.1581,1.4945,0.0329,0.0,-0.346,13,0.73,146,3,1.151,1.187
gps_jamming,ekf,3x_noise_p95,212.4,35.31,1.058,1.4945,0.03,0.0,-0.3457,13,0.75,147,3,1.018,10.163
gps_jamming,ekf,3x_noise_p95,212.49,35.4,0.9882,1.4945,0.0279,0.0,-0.3457,13,0.75,147,3,0.897,5.152
gps_jamming,ekf,3x_noise_p95,212.6,35.51,0.9322,1.4945,0.0263,0.0,-0.3423,13,0.75,147,3,0.797,7.009
gps_jamming,ekf,3x_noise_p95,212.69,35.6,0.9003,1.4945,0.0253,0.0,-0.3423,13,0.75,147,3,0.887,7.409
gps_jamming,ekf,3x_noise_p95,212.79,35.7,0.8767,1.4945,0.0246,0.0,-0.339,13,0.75,147,3,1.035,3.018
gps_jamming,ekf,3x_noise_p95,212.89,35.8,0.8695,1.4945,0.0243,0.0,-0.3346,13,0.75,147,3,1.24,4.231
gps_jamming,ekf,3x_noise_p95,212.99,35.9,0.8732,1.4945,0.0243,0.0,-0.3292,13,0.75,147,3,1.413,4.785
gps_jamming,ekf,3x_noise_p95,213.1,36.01,0.9025,1.4945,0.0251,0.0,-0.3157,13,0.75,147,3,1.523,6.955
gps_jamming,ekf,3x_noise_p95,213.19,36.1,0.9327,1.4945,0.0258,0.0,-0.3157,13,0.75,147,3,1.504,2.795
gps_jamming,ekf,3x_noise_p95,213.3,36.21,0.9772,1.4945,0.027,0.0,-0.2991,13,0.75,147,3,1.357,8.825
gps_jamming,ekf,3x_noise_p95,213.39,36.3,0.99,1.4945,0.0273,0.0,-0.2991,13,0.75,147,3,1.172,9.417
gps_jamming,ekf,3x_noise_p95,213.49,36.4,1.0116,1.4945,0.0278,0.0,-0.2902,13,0.75,147,3,0.871,9.294
gps_jamming,ekf,3x_noise_p95,213.6,36.51,0.9864,1.4945,0.027,0.0,-0.2722,13,0.75,147,3,0.433,11.001
gps_jamming,ekf,3x_noise_p95,213.69,36.6,0.9745,1.4945,0.0266,0.0,-0.2722,13,0.75,147,3,0.858,4.402
gps_jamming,ekf,3x_noise_p95,213.8,36.71,0.9559,1.4945,0.026,0.0,-0.2548,13,0.75,147,3,1.249,0.766
gps_jamming,ekf,3x_noise_p95,213.89,36.8,0.9835,1.4945,0.0267,0.0,-0.2548,13,0.75,147,3,1.522,0.593
gps_jamming,ekf,3x_noise_p95,214.0,36.91,1.039,1.4945,0.0282,0.0,-0.2376,13,0.75,147,3,1.782,6.334
gps_jamming,ekf,3x_noise_p95,214.09,37.0,1.1135,1.4945,0.0301,0.0,-0.2376,13,0.75,147,3,1.942,4.507
gps_jamming,ekf,3x_noise_p95,214.2,37.11,1.202,1.4945,0.0324,0.0,-0.22,13,0.75,147,3,2.053,3.991
gps_jamming,ekf,3x_noise_p95,214.3,37.21,1.2842,1.4945,0.0345,0.0,-0.2109,13,0.75,147,3,2.066,3.943
gps_jamming,ekf,3x_noise_p95,214.39,37.3,1.2938,1.4945,0.0347,0.0,-0.2053,13,0.75,157,3,1.901,3.197
gps_jamming,ekf,3x_noise_p95,214.49,37.4,1.2527,1.4945,0.0335,0.0,-0.1925,13,0.75,157,3,1.273,3.069
gps_jamming,ekf,3x_noise_p95,214.59,37.5,1.1098,1.4945,0.0296,0.0,-0.1833,13,0.75,157,3,1.192,7.413
gps_jamming,ekf,3x_noise_p95,214.69,37.6,0.9785,1.4945,0.026,0.0,-0.1743,13,0.75,157,3,1.054,7.178
gps_jamming,ekf,3x_noise_p95,214.79,37.7,0.8054,1.4945,0.0214,0.0,-0.1654,13,0.75,157,3,0.923,9.646
gps_jamming,ekf,3x_noise_p95,214.89,37.8,0.6409,1.4945,0.017,0.0,-0.1565,13,0.75,157,3,0.799,4.069
gps_jamming,ekf,3x_noise_p95,214.99,37.9,0.5007,1.4945,0.0132,0.0,-0.1477,13,0.75,157,3,0.768,4.47
gps_jamming,ekf,3x_noise_p95,215.09,38.0,0.4064,1.4945,0.0107,0.0,-0.1428,13,0.75,157,3,0.617,6.767
gps_jamming,ekf,3x_noise_p95,215.19,38.1,0.3906,1.4945,0.0103,0.0,-0.1297,13,0.75,157,3,0.637,3.197
gps_jamming,ekf,3x_noise_p95,215.29,38.2,0.3809,1.4945,0.01,0.0,-0.125,13,0.75,157,3,0.665,6.762
gps_jamming,ekf,3x_noise_p95,215.39,38.3,0.3888,1.4945,0.0102,0.0,-0.111,13,0.75,156,3,0.735,2.137
gps_jamming,ekf,3x_noise_p95,215.49,38.4,0.376,1.4945,0.0098,0.0,-0.1016,13,0.75,156,3,0.754,4.219
gps_jamming,ekf,3x_noise_p95,215.59,38.5,0.3884,1.4945,0.0101,0.0,-0.0923,13,0.75,156,3,0.632,5.431
gps_jamming,ekf,3x_noise_p95,215.69,38.6,0.3903,1.4945,0.0101,0.0,-0.0831,13,0.75,156,3,0.568,0.593
gps_jamming,ekf,3x_noise_p95,215.79,38.7,0.3927,1.4945,0.0101,0.0,-0.0796,13,0.75,156,3,0.617,3.871
gps_jamming,ekf,3x_noise_p95,215.89,38.8,0.3788,1.4945,0.0098,0.0,-0.0655,13,0.75,156,3,0.625,11.527
gps_jamming,ekf,3x_noise_p95,215.99,38.9,0.3651,1.4945,0.0094,0.0,-0.0625,13,0.75,156,3,0.584,2.482
gps_jamming,ekf,3x_noise_p95,216.09,39.0,0.3428,1.4945,0.0088,0.0,-0.0491,13,0.75,156,3,0.533,11.369
gps_jamming,ekf,3x_noise_p95,216.19,39.1,0.3312,1.4945,0.0085,0.0,-0.0411,13,0.75,156,3,0.547,2.596
gps_jamming,ekf,3x_noise_p95,216.29,39.2,0.3074,1.4945,0.0078,0.0,-0.0331,13,0.75,156,3,0.552,0.955
gps_jamming,ekf,3x_noise_p95,216.39,39.3,0.2781,1.4945,0.0071,0.0,-0.0253,14,0.71,145,3,0.561,2.237
gps_jamming,ekf,3x_noise_p95,216.49,39.4,0.2411,1.4945,0.0061,0.0,-0.0229,14,0.71,145,3,0.555,0.941
gps_jamming,ekf,3x_noise_p95,216.59,39.5,0.2061,1.4945,0.0052,0.0,-0.0096,14,0.71,145,3,0.524,0.23
gps_jamming,ekf,3x_noise_p95,216.69,39.6,0.1753,1.4945,0.0044,0.0,-0.0072,14,0.71,145,3,0.533,0.341
gps_jamming,ekf,3x_noise_p95,216.79,39.7,0.1809,1.4945,0.0046,0.0,0.0058,14,0.71,145,3,0.541,0.202
gps_jamming,ekf,3x_noise_p95,216.89,39.8,0.1859,1.4945,0.0047,0.0,0.0081,14,0.71,145,3,0.537,0.129
gps_jamming,ekf,3x_noise_p95,216.99,39.9,0.2217,1.4945,0.0056,0.0,0.02,14,0.71,145,3,0.516,0.101
gps_jamming,ekf,3x_noise_p95,217.09,40.0,0.2552,1.4945,0.0064,0.0,0.0266,14,0.71,145,3,0.513,0.155
gps_jamming,ekf,3x_noise_p95,217.19,40.1,0.3021,1.4945,0.0075,0.0,0.0327,14,0.71,145,3,0.51,0.093
gps_jamming,ekf,3x_noise_p95,217.29,40.2,0.3385,1.4945,0.0084,0.0,0.0384,14,0.71,145,3,0.501,0.081
gps_jamming,ekf,3x_noise_p95,217.39,40.3,0.3699,1.4945,0.0092,0.0,0.041,14,0.71,145,3,0.484,0.079
gps_jamming,ekf,3x_noise_p95,217.49,40.4,0.398,1.4945,0.0099,0.0,0.046,14,0.71,145,3,0.476,0.07
gps_jamming,ekf,3x_noise_p95,217.59,40.5,0.4356,1.4945,0.0108,0.0,0.046,14,0.71,145,3,0.466,0.049
gps_jamming,ekf,3x_noise_p95,217.69,40.6,0.471,1.4945,0.0116,0.0,0.0502,14,0.71,145,3,0.46,0.052
gps_jamming,ekf,3x_noise_p95,217.79,40.7,0.5206,1.4945,0.0128,0.0,0.0522,14,0.71,145,3,0.456,0.059
gps_jamming,ekf,3x_noise_p95,217.89,40.8,0.5605,1.4945,0.0137,0.0,0.0542,14,0.71,145,3,0.454,0.057
gps_jamming,ekf,3x_noise_p95,217.99,40.9,0.5937,1.4945,0.0145,0.0,0.0563,14,0.71,145,3,0.451,0.075
gps_jamming,ekf,3x_noise_p95,218.09,41.0,0.6245,1.4945,0.0152,0.0,0.0563,14,0.71,145,3,0.452,0.05
gps_jamming,ekf,3x_noise_p95,218.19,41.1,0.6682,1.4945,0.0163,0.0,0.0615,14,0.71,145,3,0.455,0.044
gps_jamming,ekf,3x_noise_p95,218.29,41.2,0.7084,1.4945,0.0172,0.0,0.0615,14,0.71,145,3,0.459,0.06
gps_jamming,ekf,3x_noise_p95,218.39,41.3,0.7551,1.4945,0.0183,0.0,0.0683,14,0.71,146,3,0.453,0.041
gps_jamming,ekf,3x_noise_p95,218.49,41.4,0.795,1.4945,0.0192,0.0,0.0722,14,0.71,146,3,0.447,0.064
gps_jamming,ekf,3x_noise_p95,218.59,41.5,0.8292,1.4945,0.02,0.0,0.0722,14,0.71,146,3,0.433,0.065
gps_jamming,ekf,3x_noise_p95,218.69,41.6,0.8578,1.4945,0.0206,0.0,0.0801,14,0.71,146,3,0.422,0.061
gps_jamming,ekf,3x_noise_p95,218.79,41.7,0.8678,1.4945,0.0208,0.0,0.0801,14,0.71,146,3,0.401,0.023
gps_jamming,ekf,3x_noise_p95,218.89,41.8,0.8806,1.4945,0.0211,0.0,0.0887,14,0.71,146,3,0.386,0.017
gps_jamming,ekf,3x_noise_p95,218.99,41.9,0.9012,1.4945,0.0215,0.0,0.0887,14,0.71,146,3,0.37,0.016
gps_jamming,ekf,3x_noise_p95,219.09,42.0,0.9214,1.4945,0.0219,0.0,0.1002,14,0.71,146,3,0.361,0.006
gps_jamming,ekf,3x_noise_p95,219.19,42.1,0.9472,1.4945,0.0225,0.0,0.1002,14,0.71,146,3,0.355,0.032
gps_jamming,ekf,3x_noise_p95,219.29,42.2,0.9705,1.4945,0.023,0.0,0.1076,14,0.71,146,3,0.352,0.017
gps_jamming,ekf,3x_noise_p95,219.39,42.3,0.9905,1.4945,0.0234,0.0,0.1162,14,0.71,146,3,0.35,0.009
gps_jamming,ekf,3x_noise_p95,219.49,42.4,1.0093,1.4945,0.0238,0.0,0.1254,14,0.71,146,3,0.349,0.046
gps_jamming,ekf,3x_noise_p95,219.59,42.5,1.021,1.4945,0.024,0.0,0.1349,14,0.71,146,3,0.346,0.009
gps_jamming,ekf,3x_noise_p95,219.69,42.6,1.0334,1.4945,0.0243,0.0,0.1436,14,0.71,146,3,0.346,0.037
gps_jamming,ekf,3x_noise_p95,219.79,42.7,1.0363,1.4945,0.0243,0.0,0.1514,14,0.71,146,3,0.354,0.038
gps_jamming,ekf,3x_noise_p95,219.89,42.8,1.0467,1.4945,0.0245,0.0,0.1579,14,0.71,146,3,0.362,0.047
gps_jamming,ekf,3x_noise_p95,219.99,42.9,1.0661,1.4945,0.0249,0.0,0.163,14,0.71,146,3,0.382,0.036
gps_jamming,ekf,3x_noise_p95,220.09,43.0,1.0912,1.4945,0.0254,0.0,0.1668,14,0.71,146,3,0.398,0.04
gps_jamming,ekf,3x_noise_p95,220.19,43.1,1.105,1.4945,0.0256,0.0,0.1696,14,0.71,146,3,0.403,0.034
gps_jamming,ekf,3x_noise_p95,220.29,43.2,1.1226,1.4945,0.026,0.0,0.1723,14,0.71,146,3,0.407,0.054
gps_jamming,ekf,3x_noise_p95,220.39,43.3,1.1273,1.4945,0.026,0.0,0.1749,14,0.71,146,3,0.408,0.049
gps_jamming,ekf,3x_noise_p95,220.49,43.4,1.1363,1.4945,0.0262,0.0,0.1776,14,0.71,146,3,0.408,0.056
gps_jamming,ekf,3x_noise_p95,220.59,43.5,1.1242,1.4945,0.0258,0.0,0.1802,14,0.71,146,3,0.397,0.04
gps_jamming,ekf,3x_noise_p95,220.69,43.6,1.1191,1.4945,0.0257,0.0,0.1829,14,0.71,146,3,0.389,0.032
gps_jamming,ekf,3x_noise_p95,220.79,43.7,1.0953,1.4945,0.0251,0.0,0.1856,14,0.71,146,3,0.364,0.027
gps_jamming,ekf,3x_noise_p95,220.89,43.8,1.0827,1.4945,0.0247,0.0,0.1884,14,0.71,146,3,0.345,0.035
gps_jamming,ekf,3x_noise_p95,220.99,43.9,1.0729,1.4945,0.0244,0.0,0.191,14,0.71,146,3,0.319,0.038
gps_jamming,ekf,3x_noise_p95,221.09,44.0,1.0736,1.4945,0.0244,0.0,0.1933,14,0.71,146,3,0.3,0.046
gps_jamming,ekf,3x_noise_p95,221.19,44.1,1.0872,1.4945,0.0247,0.0,0.1952,14,0.71,146,3,0.282,0.033
gps_jamming,ekf,3x_noise_p95,221.29,44.2,1.1026,1.4945,0.0249,0.0,0.1968,14,0.71,146,3,0.27,0.022
gps_jamming,ekf,3x_noise_p95,221.39,44.3,1.1137,1.4945,0.0251,0.0,0.1979,14,0.71,155,3,0.257,0.022
gps_jamming,ekf,3x_noise_p95,221.49,44.4,1.1284,1.4945,0.0254,0.0,0.1982,14,0.71,155,3,0.249,0.019
gps_jamming,ekf,3x_noise_p95,221.59,44.5,1.1561,1.4945,0.026,0.0,0.1976,14,0.71,155,3,0.243,0.032
gps_jamming,ekf,3x_noise_p95,221.69,44.6,1.1831,1.4945,0.0265,0.0,0.1959,14,0.71,155,3,0.239,0.04
gps_jamming,ekf,3x_noise_p95,221.79,44.7,1.2189,1.4945,0.0273,0.0,0.1931,14,0.71,155,3,0.235,0.013
gps_jamming,ekf,3x_noise_p95,221.89,44.8,1.2506,1.4945,0.0279,0.0,0.1897,14,0.71,155,3,0.233,0.028
gps_jamming,ekf,3x_noise_p95,221.99,44.9,1.2938,1.4945,0.0288,0.0,0.1857,14,0.71,155,3,0.234,0.016
gps_jamming,ekf,3x_noise_p95,222.09,45.0,1.3326,1.4945,0.0296,0.0,0.1815,14,0.71,155,3,0.236,0.037
gps_jamming,ekf,3x_noise_p95,222.19,45.1,1.3779,1.4945,0.0306,0.0,0.1772,14,0.71,155,3,0.236,0.019
gps_jamming,ekf,3x_noise_p95,222.29,45.2,1.4183,1.4945,0.0314,0.0,0.173,14,0.71,155,3,0.238,0.039
gps_jamming,ekf,3x_noise_p95,222.39,45.3,1.463,1.4945,0.0323,0.0,0.1688,14,0.71,155,3,0.24,0.012
gps_spoofing,receiver,3x_noise_p95,120.01,1.0,8.6218,9.269,8.6218,0.0,1.2287,5,2.23,130,3,0.207,6.266
gps_spoofing,receiver,3x_noise_p95,121.01,2.0,7.2722,9.269,3.6304,0.0,1.1538,6,1.33,139,3,0.835,8.178
gps_spoofing,receiver,3x_noise_p95,122.0,3.0,8.457,9.269,2.8218,0.0,1.1538,9,0.99,139,3,1.346,4.37
gps_spoofing,receiver,3x_noise_p95,123.01,4.0,9.8617,9.269,2.4647,0.1481,0.7626,9,0.99,139,3,1.126,7.997
gps_spoofing,receiver,3x_noise_p95,124.01,5.0,11.0527,9.269,2.211,0.3568,0.7239,10,0.95,139,3,1.799,2.592
gps_spoofing,receiver,3x_noise_p95,125.01,6.0,12.2261,9.269,2.0377,0.4929,0.7899,10,0.95,139,3,1.59,4.904
gps_spoofing,receiver,3x_noise_p95,126.01,7.0,13.2143,9.269,1.8872,0.5635,0.6884,10,0.95,139,3,2.469,11.062
gps_spoofing,receiver,3x_noise_p95,127.01,8.0,14.1401,9.269,1.7666,0.6086,0.4164,10,0.95,139,3,2.322,1.558
gps_spoofing,receiver,3x_noise_p95,128.01,9.0,13.5617,9.269,1.5066,0.4769,0.2204,10,0.95,139,3,2.216,10.707
gps_spoofing,receiver,3x_noise_p95,129.01,10.0,13.8111,9.269,1.3807,0.4541,0.0035,10,0.95,139,3,1.881,10.245
gps_spoofing,receiver,3x_noise_p95,130.01,11.0,13.8576,9.269,1.2598,0.4172,-0.2168,10,0.95,139,3,0.95,3.747
gps_spoofing,receiver,3x_noise_p95,131.01,12.0,14.3413,9.269,1.195,0.4226,-0.3006,10,0.95,139,3,1.02,1.521
gps_spoofing,receiver,3x_noise_p95,132.0,13.0,13.8944,9.269,1.069,0.3559,-0.3887,10,0.95,139,3,0.708,0.32
gps_spoofing,receiver,3x_noise_p95,133.0,13.99,13.2314,9.269,0.9455,0.2832,-0.4407,11,0.84,139,3,0.457,0.206
gps_spoofing,receiver,3x_noise_p95,134.0,15.0,12.1458,9.269,0.8099,0.1918,-0.5576,11,0.84,140,3,0.354,0.216
gps_spoofing,receiver,3x_noise_p95,135.01,16.0,10.8972,9.269,0.6811,0.1018,-0.6926,11,0.84,139,3,0.515,0.226
gps_spoofing,receiver,3x_noise_p95,136.0,17.0,10.2764,9.269,0.6046,0.0593,-0.869,11,0.84,139,3,0.655,0.185
gps_spoofing,ekf,3x_noise_p95,120.31,0.41,3.0669,2.6879,7.4819,0.9247,1.0463,5,2.23,130,3,0.383,9.318
gps_spoofing,ekf,3x_noise_p95,120.4,0.5,3.1453,2.6879,6.2921,0.9151,1.0463,6,1.33,139,3,0.478,8.972
gps_spoofing,ekf,3x_noise_p95,120.51,0.61,3.2411,2.6879,5.3145,0.9071,1.0951,6,1.33,139,3,0.653,3.825
gps_spoofing,ekf,3x_noise_p95,120.6,0.7,3.325,2.6879,4.7512,0.9105,1.0951,6,1.33,139,3,0.76,2.54
gps_spoofing,ekf,3x_noise_p95,120.7,0.8,3.4191,2.6879,4.2749,0.9143,1.1198,6,1.33,139,3,0.85,11.502
gps_spoofing,ekf,3x_noise_p95,120.81,0.91,3.5289,2.6879,3.8789,0.9245,1.169,6,1.33,139,3,0.883,4.321
gps_spoofing,ekf,3x_noise_p95,120.9,1.0,3.6154,2.6879,3.6162,0.9277,1.169,6,1.33,139,3,0.835,8.178
gps_spoofing,ekf,3x_noise_p95,121.01,1.11,3.7202,2.6879,3.3524,0.9303,1.2169,6,1.33,139,3,0.745,4.729
gps_spoofing,ekf,3x_noise_p95,121.1,1.2,3.8006,2.6879,3.1679,0.9275,1.2169,6,1.33,139,3,0.669,7.305
gps_spoofing,ekf,3x_noise_p95,121.21,1.31,3.907,2.6879,2.9832,0.9309,1.2636,6,1.33,139,3,0.748,5.544
gps_spoofing,ekf,3x_noise_p95,121.3,1.4,3.9969,2.6879,2.8556,0.9353,1.2636,6,1.33,139,3,0.91,9.506
gps_spoofing,ekf,3x_noise_p95,121.4,1.5,4.1159,2.6879,2.7446,0.9522,1.2866,9,0.99,139,3,1.047,6.886
gps_spoofing,ekf,3x_noise_p95,121.51,1.61,4.2571,2.6879,2.6448,0.9749,1.3311,9,0.99,139,3,1.14,10.615
gps_spoofing,ekf,3x_noise_p95,121.6,1.7,4.3873,2.6879,2.5814,0.9999,1.3311,9,0.99,139,3,1.239,8.806
gps_spoofing,ekf,3x_noise_p95,121.71,1.81,4.5518,2.6879,2.5154,1.03,1.3729,9,0.99,139,3,1.265,6.231
gps_spoofing,ekf,3x_noise_p95,121.8,1.9,4.6998,2.6879,2.4742,1.0592,1.3729,9,0.99,139,3,1.328,6.022
gps_spoofing,ekf,3x_noise_p95,121.91,2.01,4.8815,2.6879,2.4292,1.0916,1.412,9,0.99,139,3,1.346,4.37
gps_spoofing,ekf,3x_noise_p95,122.0,2.1,5.0359,2.6879,2.3986,1.1184,1.412,9,0.99,139,3,1.404,4.736
gps_spoofing,ekf,3x_noise_p95,122.11,2.21,5.2157,2.6879,2.3606,1.1441,1.448,9,0.99,139,3,1.465,2.225
gps_spoofing,ekf,3x_noise_p95,122.21,2.31,5.3816,2.6879,2.3302,1.1664,1.4645,9,0.99,139,3,1.547,7.568
gps_spoofing,ekf,3x_noise_p95,122.3,2.4,5.5232,2.6879,2.3019,1.1817,1.4645,9,0.99,139,3,1.576,5.46
gps_spoofing,ekf,3x_noise_p95,122.41,2.51,5.7018,2.6879,2.2722,1.201,1.4942,9,0.99,139,3,1.574,6.261
gps_spoofing,ekf,3x_noise_p95,122.5,2.6,5.8362,2.6879,2.2452,1.2112,1.4942,9,0.99,139,3,1.5,1.558
gps_spoofing,ekf,3x_noise_p95,122.61,2.71,6.0075,2.6879,2.2173,1.2252,1.5184,9,0.99,139,3,1.375,2.046
gps_spoofing,ekf,3x_noise_p95,122.7,2.8,6.1411,2.6879,2.1938,1.2336,1.5184,9,0.99,139,3,1.255,2.344
gps_spoofing,ekf,3x_noise_p95,122.81,2.91,6.316,2.6879,2.171,1.2471,1.5363,9,0.99,139,3,1.131,2.787
gps_spoofing,ekf,3x_noise_p95,122.91,3.01,6.4725,2.6879,2.1509,1.2577,1.5432,9,0.99,139,3,1.126,7.997
gps_spoofing,ekf,3x_noise_p95,123.01,3.11,6.6483,2.6879,2.1382,1.2737,1.5402,9,0.99,139,3,1.242,4.732
gps_spoofing,ekf,3x_noise_p95,123.11,3.21,6.8243,2.6879,2.1265,1.2889,1.5523,9,0.99,139,3,1.46,10.062
gps_spoofing,ekf,3x_noise_p95,123.2,3.3,6.9989,2.6879,2.1214,1.3067,1.5523,9,0.99,139,3,1.634,11.518
gps_spoofing,ekf,3x_noise_p95,123.31,3.41,7.209,2.6879,2.1146,1.3262,1.5564,9,0.99,139,3,1.771,7.559
gps_spoofing,ekf,3x_noise_p95,123.4,3.5,7.3902,2.6879,2.112,1.3439,1.5564,10,0.95,139,3,1.829,8.193
gps_spoofing,ekf,3x_noise_p95,123.51,3.61,7.6147,2.6879,2.1098,1.3651,1.5569,10,0.95,139,3,1.937,5.705
gps_spoofing,ekf,3x_noise_p95,123.61,3.71,7.8362,2.6879,2.1127,1.388,1.5558,10,0.95,139,3,2.011,8.078
gps_spoofing,ekf,3x_noise_p95,123.7,3.8,8.0421,2.6879,2.1168,1.4093,1.5558,10,0.95,139,3,2.008,6.325
gps_spoofing,ekf,3x_noise_p95,123.81,3.91,8.2942,2.6879,2.1218,1.4342,1.5504,10,0.95,139,3,1.93,4.692
gps_spoofing,ekf,3x_noise_p95,123.9,4.0,8.4854,2.6879,2.1219,1.4497,1.5504,10,0.95,139,3,1.799,2.592
gps_spoofing,ekf,3x_noise_p95,124.01,4.11,8.7038,2.6879,2.1182,1.4641,1.5393,10,0.95,139,3,1.688,2.895
gps_spoofing,ekf,3x_noise_p95,124.1,4.2,8.8607,2.6879,2.1102,1.4701,1.5393,10,0.95,139,3,1.656,6.392
gps_spoofing,ekf,3x_noise_p95,124.21,4.31,9.0446,2.6879,2.099,1.4752,1.5225,10,0.95,139,3,1.72,2.695
gps_spoofing,ekf,3x_noise_p95,124.31,4.41,9.1977,2.6879,2.0861,1.4765,1.5124,10,0.95,139,3,1.764,4.525
gps_spoofing,ekf,3x_noise_p95,124.41,4.51,9.3546,2.6879,2.0747,1.4786,1.4985,10,0.95,139,3,1.807,7.128
gps_spoofing,ekf,3x_noise_p95,124.51,4.61,9.4976,2.6879,2.0607,1.4775,1.4893,10,0.95,139,3,1.787,1.296
gps_spoofing,ekf,3x_noise_p95,124.6,4.7,9.6319,2.6879,2.0498,1.4778,1.4893,10,0.95,139,3,1.758,4.651
gps_spoofing,ekf,3x_noise_p95,124.71,4.81,9.7908,2.6879,2.036,1.4771,1.4626,10,0.95,139,3,1.714,8.042
gps_spoofing,ekf,3x_noise_p95,124.8,4.9,9.9309,2.6879,2.0272,1.4785,1.4626,10,0.95,139,3,1.595,3.217
gps_spoofing,ekf,3x_noise_p95,124.91,5.01,10.1045,2.6879,2.0173,1.4807,1.4321,10,0.95,139,3,1.59,4.904
gps_spoofing,ekf,3x_noise_p95,125.01,5.11,10.3038,2.6879,2.0169,1.4907,1.4161,10,0.95,139,3,1.841,8.852
gps_spoofing,ekf,3x_noise_p95,125.11,5.21,10.5334,2.6879,2.0222,1.5062,1.4002,10,0.95,139,3,2.032,5.681
gps_spoofing,ekf,3x_noise_p95,125.21,5.31,10.7814,2.6879,2.0309,1.5246,1.383,10,0.95,139,3,2.209,8.7
gps_spoofing,ekf,3x_noise_p95,125.3,5.4,11.009,2.6879,2.0392,1.5413,1.383,10,0.95,139,3,2.322,5.998
gps_spoofing,ekf,3x_noise_p95,125.41,5.51,11.284,2.6879,2.0484,1.5605,1.3487,10,0.95,139,3,2.529,7.849
gps_spoofing,ekf,3x_noise_p95,125.5,5.6,11.5074,2.6879,2.0554,1.5753,1.3487,10,0.95,139,3,2.663,17.221
gps_spoofing,ekf,3x_noise_p95,125.61,5.71,11.7668,2.6879,2.0612,1.5904,1.3128,10,0.95,139,3,2.682,6.664
gps_spoofing,ekf,3x_noise_p95,125.71,5.81,11.9901,2.6879,2.0642,1.6014,1.295,10,0.95,139,3,2.696,1.779
gps_spoofing,ekf,3x_noise_p95,125.81,5.91,12.1829,2.6879,2.0619,1.607,1.2826,10,0.95,139,3,2.585,15.024
gps_spoofing,ekf,3x_noise_p95,125.91,6.01,12.3599,2.6879,2.0571,1.6097,1.2598,10,0.95,139,3,2.469,11.062
gps_spoofing,ekf,3x_noise_p95,126.01,6.11,12.5213,2.6879,2.0498,1.6098,1.2485,10,0.95,139,3,2.435,7.812
gps_spoofing,ekf,3x_noise_p95,126.11,6.21,12.7039,2.6879,2.0462,1.6133,1.2239,10,0.95,139,3,2.387,9.594
gps_spoofing,ekf,3x_noise_p95,126.2,6.3,12.8816,2.6879,2.0452,1.6184,1.2239,10,0.95,139,3,2.286,3.786
gps_spoofing,ekf,3x_noise_p95,126.31,6.41,13.0966,2.6879,2.0436,1.6242,1.1858,10,0.95,139,3,2.155,6.772
gps_spoofing,ekf,3x_noise_p95,126.41,6.51,13.2639,2.6879,2.038,1.625,1.1656,10,0.95,139,3,2.064,10.228
gps_spoofing,ekf,3x_noise_p95,126.51,6.61,13.4214,2.6879,2.031,1.6242,1.1543,10,0.95,139,3,2.11,5.013
gps_spoofing,ekf,3x_noise_p95,126.61,6.71,13.5639,2.6879,2.0219,1.6213,1.1228,10,0.95,139,3,2.188,7.52
gps_spoofing,ekf,3x_noise_p95,126.71,6.81,13.7055,2.6879,2.013,1.6182,1.1105,10,0.95,139,3,2.27,3.069
gps_spoofing,ekf,3x_noise_p95,126.81,6.91,13.8436,2.6879,2.0039,1.6148,1.0767,10,0.95,139,3,2.312,3.746
gps_spoofing,ekf,3x_noise_p95,126.9,7.0,13.9687,2.6879,1.996,1.6119,1.0767,10,0.95,139,3,2.322,1.558
gps_spoofing,ekf,3x_noise_p95,127.01,7.11,14.1119,2.6879,1.9853,1.6071,1.0284,10,0.95,139,3,2.244,4.148
gps_spoofing,ekf,3x_noise_p95,127.11,7.21,14.2366,2.6879,1.975,1.6021,1.0156,10,0.95,139,3,2.131,2.361
gps_spoofing,ekf,3x_noise_p95,127.21,7.31,14.3406,2.6879,1.9622,1.5945,0.9911,10,0.95,139,3,1.989,1.648
gps_spoofing,ekf,3x_noise_p95,127.31,7.41,14.438,2.6879,1.9489,1.5861,0.9538,10,0.95,139,3,1.828,5.391
gps_spoofing,ekf,3x_noise_p95,127.41,7.51,14.4819,2.6879,1.9288,1.5708,0.9413,10,0.95,139,3,1.674,2.029
gps_spoofing,ekf,3x_noise_p95,127.51,7.61,14.527,2.6879,1.9094,1.5561,0.9027,10,0.95,139,3,1.569,2.158
gps_spoofing,ekf,3x_noise_p95,127.6,7.7,14.5257,2.6879,1.8869,1.5378,0.9027,10,0.95,139,3,1.502,5.684
gps_spoofing,ekf,3x_noise_p95,127.71,7.81,14.5511,2.6879,1.8636,1.5193,0.8502,10,0.95,139,3,1.655,3.548
gps_spoofing,ekf,3x_noise_p95,127.81,7.91,14.5425,2.6879,1.8389,1.4991,0.8379,10,0.95,139,3,1.918,8.948
gps_spoofing,ekf,3x_noise_p95,127.91,8.01,14.5736,2.6879,1.8199,1.4842,0.8111,10,0.95,139,3,2.216,10.707
gps_spoofing,ekf,3x_noise_p95,128.01,8.11,14.5463,2.6879,1.7941,1.4626,0.784,10,0.95,139,3,2.545,14.18
gps_spoofing,ekf,3x_noise_p95,128.11,8.21,14.5651,2.6879,1.7745,1.447,0.7568,10,0.95,139,3,2.836,5.895
gps_spoofing,ekf,3x_noise_p95,128.21,8.31,14.5694,2.6879,1.7537,1.4301,0.7136,10,0.95,139,3,3.15,7.509
gps_spoofing,ekf,3x_noise_p95,128.31,8.41,14.6255,2.6879,1.7395,1.4198,0.7017,10,0.95,139,3,3.385,4.634
gps_spoofing,ekf,3x_noise_p95,128.41,8.51,14.6779,2.6879,1.7252,1.4093,0.658,10,0.95,139,3,3.49,4.933
gps_spoofing,ekf,3x_noise_p95,128.51,8.61,14.7693,2.6879,1.7158,1.4035,0.646,10,0.95,139,3,3.537,6.219
gps_spoofing,ekf,3x_noise_p95,128.61,8.71,14.8148,2.6879,1.7013,1.3926,0.618,10,0.95,139,3,3.419,5.222
gps_spoofing,ekf,3x_noise_p95,128.71,8.81,14.874,2.6879,1.6887,1.3836,0.5741,10,0.95,139,3,3.26,0.616
gps_spoofing,ekf,3x_noise_p95,128.81,8.91,14.8375,2.6879,1.6657,1.3639,0.5615,10,0.95,139,3,2.966,9.938
gps_spoofing,ekf,3x_noise_p95,128.91,9.01,14.7885,2.6879,1.6417,1.3433,0.5178,10,0.95,139,3,1.881,10.245
gps_spoofing,ekf,3x_noise_p95,129.01,9.11,14.69,2.6879,1.6129,1.3178,0.5052,10,0.95,139,3,0.991,12.373
gps_spoofing,ekf,3x_noise_p95,129.11,9.21,14.5862,2.6879,1.5841,1.2922,0.4616,10,0.95,139,3,0.753,2.912
gps_spoofing,ekf,3x_noise_p95,129.21,9.31,14.5105,2.6879,1.559,1.2702,0.4492,10,0.95,139,3,0.681,3.009
gps_spoofing,ekf,3x_noise_p95,129.31,9.41,14.4464,2.6879,1.5356,1.2499,0.4213,10,0.95,139,3,0.726,14.545
gps_spoofing,ekf,3x_noise_p95,129.41,9.51,14.389,2.6879,1.5134,1.2307,0.3932,10,0.95,139,3,0.977,6.901
gps_spoofing,ekf,3x_noise_p95,129.51,9.61,14.3572,2.6879,1.4943,1.2146,0.3651,10,0.95,139,3,0.996,9.703
gps_spoofing,ekf,3x_noise_p95,129.61,9.71,14.333,2.6879,1.4765,1.1996,0.3202,10,0.95,139,3,1.122,7.382
gps_spoofing,ekf,3x_noise_p95,129.71,9.81,14.2945,2.6879,1.4575,1.1834,0.3083,10,0.95,139,3,1.266,10.279
gps_spoofing,ekf,3x_noise_p95,129.81,9.91,14.2641,2.6879,1.4397,1.1684,0.2626,10,0.95,139,3,1.271,9.923
gps_spoofing,ekf,3x_noise_p95,129.91,10.01,14.2509,2.6879,1.424,1.1554,0.2508,10,0.95,139,3,0.95,3.747
gps_spoofing,ekf,3x_noise_p95,130.01,10.11,14.3127,2.6879,1.416,1.1501,0.2221,10,0.95,139,3,1.069,12.601
gps_spoofing,ekf,3x_noise_p95,130.11,10.21,14.3829,2.6879,1.409,1.1457,0.1936,10,0.95,139,3,1.128,14.306
gps_spoofing,ekf,3x_noise_p95,130.21,10.31,14.4922,2.6879,1.406,1.1452,0.1655,10,0.95,139,3,0.799,6.291
gps_spoofing,ekf,3x_noise_p95,130.31,10.41,14.6031,2.6879,1.4031,1.1449,0.1224,10,0.95,139,3,1.399,2.431
gps_spoofing,ekf,3x_noise_p95,130.41,10.51,14.6619,2.6879,1.3954,1.1396,0.1111,10,0.95,139,3,1.347,17.897
gps_spoofing,ekf,3x_noise_p95,130.51,10.61,14.7158,2.6879,1.3873,1.1339,0.0706,10,0.95,139,3,0.915,8.4
gps_spoofing,ekf,3x_noise_p95,130.61,10.71,14.843,2.6879,1.3862,1.1352,0.0597,10,0.95,139,3,0.775,12.236
gps_spoofing,ekf,3x_noise_p95,130.71,10.81,15.0027,2.6879,1.3882,1.1395,0.0354,10,0.95,139,3,0.904,7.95
gps_spoofing,ekf,3x_noise_p95,130.81,10.91,15.1665,2.6879,1.3905,1.1441,0.012,10,0.95,139,3,0.988,4.033
gps_spoofing,ekf,3x_noise_p95,130.91,11.01,15.3178,2.6879,1.3916,1.1474,-0.0106,10,0.95,139,3,1.02,1.521
gps_spoofing,ekf,3x_noise_p95,131.01,11.11,15.4164,2.6879,1.3879,1.146,-0.0325,10,0.95,139,3,0.959,1.138
gps_spoofing,ekf,3x_noise_p95,131.11,11.21,15.4984,2.6879,1.3829,1.1431,-0.0536,10,0.95,139,3,1.006,0.245
gps_spoofing,ekf,3x_noise_p95,131.21,11.31,15.5351,2.6879,1.3739,1.1362,-0.0765,10,0.95,139,3,1.009,1.037
gps_spoofing,ekf,3x_noise_p95,131.31,11.41,15.5708,2.6879,1.365,1.1294,-0.0931,10,0.95,139,3,1.068,1.289
gps_spoofing,ekf,3x_noise_p95,131.41,11.51,15.5519,2.6879,1.3515,1.1179,-0.1035,10,0.95,139,3,1.008,6.035
gps_spoofing,ekf,3x_noise_p95,131.51,11.61,15.5095,2.6879,1.3362,1.1046,-0.1135,10,0.95,139,3,0.854,2.019
gps_spoofing,ekf,3x_noise_p95,131.61,11.71,15.4306,2.6879,1.318,1.0885,-0.1231,10,0.95,139,3,0.822,3.055
gps_spoofing,ekf,3x_noise_p95,131.71,11.81,15.3623,2.6879,1.3011,1.0735,-0.1322,10,0.95,139,3,0.776,1.209
gps_spoofing,ekf,3x_noise_p95,131.81,11.91,15.3029,2.6879,1.2852,1.0595,-0.1409,10,0.95,139,3,0.725,0.582
gps_spoofing,ekf,3x_noise_p95,131.91,12.01,15.2627,2.6879,1.2711,1.0473,-0.157,10,0.95,139,3,0.708,0.32
gps_spoofing,ekf,3x_noise_p95,132.01,12.11,15.2272,2.6879,1.2577,1.0357,-0.157,10,0.95,139,3,0.675,0.198
gps_spoofing,ekf,3x_noise_p95,132.11,12.21,15.2057,2.6879,1.2457,1.0255,-0.1643,10,0.95,139,3,0.655,0.313
gps_spoofing,ekf,3x_noise_p95,132.21,12.31,15.1976,2.6879,1.2349,1.0165,-0.171,10,0.95,139,3,0.628,0.274
gps_spoofing,ekf,3x_noise_p95,132.31,12.41,15.2009,2.6879,1.2252,1.0085,-0.1773,10,0.95,139,3,0.612,0.249
gps_spoofing,ekf,3x_noise_p95,132.41,12.51,15.1852,2.6879,1.2141,0.9992,-0.1831,11,0.84,139,3,0.584,0.238
gps_spoofing,ekf,3x_noise_p95,132.5,12.6,15.1746,2.6879,1.2041,0.9909,-0.1889,11,0.84,139,3,0.567,0.241
gps_spoofing,ekf,3x_noise_p95,132.6,12.7,15.1362,2.6879,1.1916,0.98,-0.2005,11,0.84,139,3,0.537,0.237
gps_spoofing,ekf,3x_noise_p95,132.7,12.8,15.094,2.6879,1.179,0.9691,-0.2005,11,0.84,139,3,0.513,0.213
gps_spoofing,ekf,3x_noise_p95,132.8,12.9,15.0514,2.6879,1.1666,0.9583,-0.2064,11,0.84,139,3,0.483,0.233
gps_spoofing,ekf,3x_noise_p95,132.9,13.0,15.0194,2.6879,1.1552,0.9484,-0.2127,11,0.84,139,3,0.457,0.206
gps_spoofing,ekf,3x_noise_p95,133.0,13.1,14.9736,2.6879,1.1429,0.9377,-0.219,11,0.84,139,3,0.427,0.225
gps_spoofing,ekf,3x_noise_p95,133.1,13.2,14.9341,2.6879,1.1312,0.9276,-0.2258,11,0.84,139,3,0.403,0.22
gps_spoofing,ekf,3x_noise_p95,133.2,13.3,14.8826,2.6879,1.1188,0.9168,-0.2328,11,0.84,139,3,0.378,0.209
gps_spoofing,ekf,3x_noise_p95,133.3,13.4,14.8378,2.6879,1.1072,0.9066,-0.24,11,0.84,139,3,0.358,0.21
gps_spoofing,ekf,3x_noise_p95,133.4,13.5,14.7663,2.6879,1.0937,0.8946,-0.2471,11,0.84,140,3,0.341,0.229
gps_spoofing,ekf,3x_noise_p95,133.5,13.6,14.6996,2.6879,1.0807,0.8831,-0.2539,11,0.84,140,3,0.331,0.209
gps_spoofing,ekf,3x_noise_p95,133.6,13.7,14.5965,2.6879,1.0653,0.8691,-0.2601,11,0.84,140,3,0.326,0.212
gps_spoofing,ekf,3x_noise_p95,133.7,13.8,14.4992,2.6879,1.0505,0.8558,-0.266,11,0.84,140,3,0.329,0.232
gps_spoofing,ekf,3x_noise_p95,133.8,13.9,14.3874,2.6879,1.0349,0.8416,-0.2715,11,0.84,140,3,0.339,0.247
gps_spoofing,ekf,3x_noise_p95,133.9,14.0,14.2876,2.6879,1.0204,0.8285,-0.2776,11,0.84,140,3,0.354,0.216
gps_spoofing,ekf,3x_noise_p95,134.0,14.1,14.2036,2.6879,1.0072,0.8166,-0.2845,11,0.84,140,3,0.363,0.232
gps_spoofing,ekf,3x_noise_p95,134.1,14.2,14.1349,2.6879,0.9953,0.806,-0.2927,11,0.84,140,3,0.374,0.218
gps_spoofing,ekf,3x_noise_p95,134.2,14.3,14.0702,2.6879,0.9838,0.7959,-0.3024,11,0.84,140,3,0.382,0.211
gps_spoofing,ekf,3x_noise_p95,134.3,14.4,14.012,2.6879,0.973,0.7863,-0.3136,11,0.84,140,3,0.392,0.235
gps_spoofing,ekf,3x_noise_p95,134.4,14.5,13.935,2.6879,0.9609,0.7756,-0.3262,11,0.84,139,3,0.408,0.217
gps_spoofing,ekf,3x_noise_p95,134.5,14.6,13.8554,2.6879,0.9489,0.7648,-0.3402,11,0.84,139,3,0.426,0.22
gps_spoofing,ekf,3x_noise_p95,134.6,14.7,13.7654,2.6879,0.9363,0.7535,-0.3555,11,0.84,139,3,0.447,0.219
gps_spoofing,ekf,3x_noise_p95,134.7,14.8,13.6771,2.6879,0.924,0.7424,-0.372,11,0.84,139,3,0.469,0.22
gps_spoofing,ekf,3x_noise_p95,134.8,14.9,13.5799,2.6879,0.9113,0.7309,-0.3901,11,0.84,139,3,0.492,0.213
gps_spoofing,ekf,3x_noise_p95,134.9,15.0,13.4854,2.6879,0.8989,0.7198,-0.4098,11,0.84,139,3,0.515,0.226
gps_spoofing,ekf,3x_noise_p95,135.0,15.1,13.3857,2.6879,0.8864,0.7084,-0.431,11,0.84,139,3,0.538,0.222
gps_spoofing,ekf,3x_noise_p95,135.1,15.2,13.29,2.6879,0.8743,0.6975,-0.4526,11,0.84,139,3,0.561,0.218
gps_spoofing,ekf,3x_noise_p95,135.2,15.3,13.1913,2.6879,0.8621,0.6864,-0.4746,11,0.84,139,3,0.583,0.236
gps_spoofing,ekf,3x_noise_p95,135.3,15.4,13.0969,2.6879,0.8504,0.6759,-0.4962,11,0.84,139,3,0.604,0.216
gps_spoofing,ekf,3x_noise_p95,135.4,15.5,13.0024,2.6879,0.8388,0.6654,-0.5174,11,0.84,139,3,0.622,0.201
gps_spoofing,ekf,3x_noise_p95,135.5,15.6,12.9129,2.6879,0.8277,0.6554,-0.5388,11,0.84,139,3,0.639,0.21
gps_spoofing,ekf,3x_noise_p95,135.6,15.7,12.8412,2.6879,0.8178,0.6467,-0.5606,11,0.84,139,3,0.647,0.218
gps_spoofing,ekf,3x_noise_p95,135.7,15.8,12.7798,2.6879,0.8088,0.6387,-0.5813,11,0.84,139,3,0.653,0.213
gps_spoofing,ekf,3x_noise_p95,135.8,15.9,12.7253,2.6879,0.8003,0.6312,-0.6,11,0.84,139,3,0.653,0.196
gps_spoofing,ekf,3x_noise_p95,135.9,16.0,12.6744,2.6879,0.7921,0.6241,-0.6163,11,0.84,139,3,0.655,0.185
gps_spoofing,ekf,3x_noise_p95,136.0,16.1,12.6383,2.6879,0.7849,0.618,-0.6301,11,0.84,139,3,0.648,0.196
gps_spoofing,ekf,3x_noise_p95,136.1,16.2,12.6045,2.6879,0.778,0.6121,-0.6419,11,0.84,139,3,0.643,0.201
gps_spoofing,ekf,3x_noise_p95,136.21,16.31,12.5799,2.6879,0.7712,0.6065,-0.6606,11,0.84,139,3,0.631,0.197
gps_spoofing,ekf,3x_noise_p95,136.3,16.4,12.5585,2.6879,0.7657,0.6018,-0.6606,11,0.84,139,3,0.624,0.192
