transport,scheme,k,dauth_ms,dauth_cert_ms,bus_util,cpu_budget_util,feasible
can,mav2,1,4.43,4.43,0.1038,0.0028,True
can,mav2,2,104.91,104.91,0.1062,0.0014,True
can,mav2,4,305.23,305.23,0.1082,0.0007,True
can,mav2,8,705.71,705.71,0.1124,0.0004,True
can,mav2,16,1506.03,1506.03,0.1153,0.0002,True
can,mav2,32,3106.35,3106.35,0.1184,0.0001,True
can,ed25519,1,9.11,9.11,0.115,0.1318,True
can,ed25519,2,109.59,109.59,0.1118,0.0659,True
can,ed25519,4,309.91,309.91,0.111,0.0329,True
can,ed25519,8,710.39,710.39,0.1138,0.0165,True
can,ed25519,16,1510.71,1510.71,0.116,0.0082,True
can,ed25519,32,3111.03,3111.03,0.1187,0.0041,True
can,fndsa512,1,66.84,66.84,0.2526,2.3406,False
can,fndsa512,2,167.32,167.32,0.1806,1.1703,False
can,fndsa512,4,367.64,367.64,0.1454,0.5851,True
can,fndsa512,8,768.12,768.12,0.131,0.2926,True
can,fndsa512,16,1568.44,1568.44,0.1246,0.1463,True
can,fndsa512,32,3168.76,3168.76,0.123,0.0731,True
can,mldsa44,1,69.17,118.98,0.6526,0.2217,True
can,mldsa44,2,169.65,219.46,0.3806,0.1108,True
can,mldsa44,4,369.97,419.78,0.2454,0.0554,True
can,mldsa44,8,770.45,820.26,0.181,0.0277,True
can,mldsa44,16,1570.77,1620.58,0.1496,0.0139,True
can,mldsa44,32,3171.09,3220.9,0.1355,0.0069,True
can,slhdsa128f,1,inf,inf,4.0062,38.3933,False
can,slhdsa128f,2,inf,inf,2.0574,19.1966,False
can,slhdsa128f,4,inf,inf,1.0838,9.5983,False
can,slhdsa128f,8,1956.74,1956.74,0.6002,4.7992,False
can,slhdsa128f,16,2758.34,2758.34,0.3592,2.3996,False
can,slhdsa128f,32,4359.94,4359.94,0.2403,1.1998,False
can,slhdsa128s,1,inf,inf,1.8958,797.6623,False
can,slhdsa128s,2,inf,inf,1.0022,398.8312,False
can,slhdsa128s,4,16473.93,16473.93,0.5562,199.4156,False
can,slhdsa128s,8,16875.37,16875.37,0.3364,99.7078,False
can,slhdsa128s,16,17676.33,17676.33,0.2273,49.8539,False
can,slhdsa128s,32,19277.29,19277.29,0.1744,24.9269,False
canfd,mav2,1,4.93,4.93,0.1009,0.0028,True
canfd,mav2,2,105.12,105.12,0.1019,0.0014,True
canfd,mav2,4,305.12,305.12,0.1014,0.0007,True
canfd,mav2,8,705.12,705.12,0.1012,0.0004,True
canfd,mav2,16,1505.31,1505.31,0.103,0.0002,True
canfd,mav2,32,3105.31,3105.31,0.1029,0.0001,True
canfd,ed25519,1,8.68,8.68,0.1029,0.1318,True
canfd,ed25519,2,108.87,108.87,0.1029,0.0659,True
canfd,ed25519,4,308.87,308.87,0.1019,0.0329,True
canfd,ed25519,8,708.87,708.87,0.1014,0.0165,True
canfd,ed25519,16,1509.06,1509.06,0.1031,0.0082,True
canfd,ed25519,32,3109.06,3109.06,0.103,0.0041,True
canfd,fndsa512,1,54.38,54.38,0.1202,2.3406,False
canfd,fndsa512,2,154.57,154.57,0.1115,1.1703,False
canfd,fndsa512,4,354.57,354.57,0.1062,0.5851,True
canfd,fndsa512,8,754.57,754.57,0.1036,0.2926,True
canfd,fndsa512,16,1554.77,1554.77,0.1042,0.1463,True
canfd,fndsa512,32,3154.77,3154.77,0.1035,0.0731,True
canfd,mldsa44,1,18.26,68.07,0.1741,0.2217,True
canfd,mldsa44,2,118.45,168.26,0.1385,0.1108,True
canfd,mldsa44,4,318.45,368.26,0.1197,0.0554,True
canfd,mldsa44,8,718.45,768.26,0.1103,0.0277,True
canfd,mldsa44,16,1518.65,1568.46,0.1076,0.0139,True
canfd,mldsa44,32,3118.65,3168.46,0.1052,0.0069,True
canfd,slhdsa128f,1,875.17,875.17,0.6229,38.3933,False
canfd,slhdsa128f,2,975.36,975.36,0.3629,19.1966,False
canfd,slhdsa128f,4,1175.36,1175.36,0.2319,9.5983,False
canfd,slhdsa128f,8,1575.36,1575.36,0.1664,4.7992,False
canfd,slhdsa128f,16,2375.56,2375.56,0.1356,2.3996,False
canfd,slhdsa128f,32,3975.56,3975.56,0.1192,1.1998,False
canfd,slhdsa128s,1,15997.51,15997.51,0.3398,797.6623,False
canfd,slhdsa128s,2,16097.7,16097.7,0.2213,398.8312,False
canfd,slhdsa128s,4,16297.7,16297.7,0.1611,199.4156,False
canfd,slhdsa128s,8,16697.7,16697.7,0.131,99.7078,False
canfd,slhdsa128s,16,17497.9,17497.9,0.1179,49.8539,False
canfd,slhdsa128s,32,19097.9,19097.9,0.1104,24.9269,False
