theta,delta,C_conservative,B10_conservative,C_headline,B10_headline,C_secant,B10_secant
0.1,0.2,0.06403,2.29288,0.1483,3.08849,0.32652,5.71801
0.10593,0.21185,0.06783,2.28103,0.15709,3.07664,0.34587,5.70616
0.1122,0.2244,0.07185,2.26848,0.1664,3.06408,0.36636,5.69361
0.11885,0.2377,0.07611,2.25518,0.17626,3.05079,0.38807,5.68031
0.12589,0.25179,0.08061,2.2411,0.1867,3.0367,0.41106,5.66623
0.13335,0.2667,0.08539,2.22618,0.19776,3.02178,0.43542,5.65131
0.14125,0.28251,0.09045,2.21037,0.20948,3.00598,0.46122,5.6355
0.14962,0.29925,0.09581,2.19363,0.22189,2.98924,0.48855,5.61876
0.15849,0.31698,0.10149,2.1759,0.23504,2.97151,0.5175,5.60103
0.16788,0.33576,0.1075,2.15712,0.24897,2.95273,0.54816,5.58225
0.17783,0.35566,0.11387,2.13723,0.26372,2.93283,0.58064,5.56235
0.18836,0.37673,0.12062,2.11615,0.27935,2.91176,0.61505,5.54128
0.19953,0.39905,0.12777,2.09383,0.2959,2.88944,0.65149,5.51896
0.21135,0.4227,0.13534,2.07018,0.31343,2.86579,0.69009,5.49531
0.22387,0.44774,0.14336,2.04514,0.33201,2.84074,0.73098,5.47027
0.23714,0.47427,0.15185,2.01861,0.35168,2.81421,0.7743,5.44374
0.25119,0.50238,0.16085,1.9905,0.37252,2.78611,0.82018,5.41563
0.26607,0.53215,0.17038,1.96074,0.39459,2.75634,0.86878,5.38587
0.28184,0.56368,0.18047,1.92921,0.41797,2.72481,0.92026,5.35433
0.29854,0.59708,0.19117,1.89581,0.44274,2.69141,0.97478,5.32093
0.31623,0.63246,0.20249,1.86043,0.46897,2.65603,1.03254,5.28556
0.33497,0.66993,0.21449,1.82295,0.49676,2.61856,1.09373,5.24808
0.35481,0.70963,0.2272,1.78326,0.52619,2.57886,1.15853,5.20838
0.37584,0.75167,0.24067,1.74121,0.55737,2.53681,1.22718,5.16634
0.39811,0.79621,0.25493,1.69667,0.5904,2.49227,1.29989,5.1218
0.4217,0.84339,0.27003,1.64949,0.62538,2.4451,1.37692,5.07462
0.44668,0.89337,0.28603,1.59951,0.66244,2.39512,1.45851,5.02464
0.47315,0.9463,0.30298,1.54658,0.70169,2.34219,1.54493,4.97171
0.50119,1.00237,0.32093,1.49051,0.74327,2.28611,1.63647,4.91564
0.53088,1.06177,0.33995,1.43111,0.78731,2.22672,1.73344,4.85624
0.56234,1.12468,0.36009,1.3682,0.83396,2.16381,1.83615,4.79333
0.59566,1.19132,0.38143,1.30156,0.88338,2.09716,1.94495,4.72669
0.63096,1.26191,0.40403,1.23097,0.93572,2.02657,2.06019,4.6561
0.66834,1.33669,0.42797,1.15619,0.99116,1.9518,2.18227,4.58132
0.70795,1.41589,0.45333,1.07699,1.04989,1.8726,2.31158,4.50212
0.74989,1.49979,0.48019,0.99309,1.1121,1.7887,2.44855,4.41822
0.79433,1.58866,0.50864,0.90423,1.178,1.69983,2.59363,4.32935
0.8414,1.68279,0.53878,0.81009,1.2478,1.6057,2.74731,4.23522
0.89125,1.7825,0.57071,0.71038,1.32174,1.50599,2.9101,4.13551
0.94406,1.88812,0.60452,0.60476,1.40006,1.40037,3.08254,4.02989
1.0,2.0,0.64034,0.49288,1.48301,1.28849,3.26519,3.91801
1.05925,2.11851,0.67829,0.37437,1.57089,1.16998,3.45866,3.7995
1.12202,2.24404,0.71848,0.24885,1.66397,1.04445,3.6636,3.67397
1.1885,2.377,0.76105,0.11588,1.76256,0.91148,3.88068,3.54101
1.25893,2.51785,0.80615,-0.02497,1.867,0.77064,4.11063,3.40016
1.33352,2.66704,0.85391,-0.17416,1.97763,0.62145,4.3542,3.25097
1.41254,2.82508,0.90451,-0.33219,2.09481,0.46341,4.6122,3.09294
1.49624,2.99247,0.95811,-0.49959,2.21894,0.29602,4.88549,2.92554
1.58489,3.16979,1.01488,-0.6769,2.35042,0.1187,5.17497,2.74822
1.6788,3.35761,1.07501,-0.86473,2.48969,-0.06912,5.48161,2.5604
1.77828,3.55656,1.13871,-1.06368,2.63721,-0.26807,5.80642,2.36145
1.88365,3.7673,1.20618,-1.27442,2.79348,-0.47881,6.15047,2.15071
1.99526,3.99052,1.27766,-1.49764,2.959,-0.70204,6.51491,1.92749
2.11349,4.22698,1.35336,-1.7341,3.13433,-0.93849,6.90094,1.69103
2.23872,4.47744,1.43355,-1.98456,3.32005,-1.18895,7.30985,1.44057
2.37137,4.74275,1.5185,-2.24987,3.51678,-1.45426,7.74298,1.17526
2.51189,5.02377,1.60847,-2.53089,3.72516,-1.73528,8.20178,0.89424
2.66073,5.32145,1.70378,-2.82857,3.94589,-2.03296,8.68777,0.59656
2.81838,5.63677,1.80474,-3.14388,4.1797,-2.34828,9.20255,0.28124
2.98538,5.97077,1.91167,-3.47788,4.42736,-2.68228,9.74784,-0.05275
3.16228,6.32456,2.02495,-3.83167,4.6897,-3.03607,10.32543,-0.40654
3.34965,6.69931,2.14493,-4.20643,4.96758,-3.41082,10.93725,-0.7813
3.54813,7.09627,2.27203,-4.60339,5.26193,-3.80778,11.58532,-1.17826
3.75837,7.51675,2.40665,-5.02387,5.57372,-4.22826,12.2718,-1.59874
3.98107,7.96214,2.54926,-5.46926,5.90398,-4.67366,12.99895,-2.04413
4.21697,8.43393,2.70031,-5.94105,6.25382,-5.14544,13.76918,-2.51592
4.46684,8.93367,2.86031,-6.44079,6.62438,-5.64518,14.58506,-3.01566
4.73151,9.46303,3.0298,-6.97014,7.0169,-6.17454,15.44928,-3.54501
5.01187,10.0,3.20172,-7.50712,7.41507,-6.71151,16.32594,-4.08199
5.30884,10.0,3.20172,-7.50712,7.41507,-6.71151,16.32594,-4.08199
5.62341,10.0,3.20172,-7.50712,7.41507,-6.71151,16.32594,-4.08199
5.95662,10.0,3.20172,-7.50712,7.41507,-6.71151,16.32594,-4.08199
6.30957,10.0,3.20172,-7.50712,7.41507,-6.71151,16.32594,-4.08199
6.68344,10.0,3.20172,-7.50712,7.41507,-6.71151,16.32594,-4.08199
7.07946,10.0,3.20172,-7.50712,7.41507,-6.71151,16.32594,-4.08199
7.49894,10.0,3.20172,-7.50712,7.41507,-6.71151,16.32594,-4.08199
7.94328,10.0,3.20172,-7.50712,7.41507,-6.71151,16.32594,-4.08199
8.41395,10.0,3.20172,-7.50712,7.41507,-6.71151,16.32594,-4.08199
8.91251,10.0,3.20172,-7.50712,7.41507,-6.71151,16.32594,-4.08199
9.44061,10.0,3.20172,-7.50712,7.41507,-6.71151,16.32594,-4.08199
10.0,10.0,3.20172,-7.50712,7.41507,-6.71151,16.32594,-4.08199
