gamma_scenario,ratio,theta,delta,C_s,transport,scheme,dauth_cert_s,pays,benefit_m,rho_u_m,rho_a_m,theta_cross_s,B_m2_s,cert_u_m2,cert_a_m2,B_m5_s,cert_u_m5,cert_a_m5,B_m10_s,cert_u_m10,cert_a_m10,B_m20_s,cert_u_m20,cert_a_m20
conservative,1.32,0.178,0.356,0.114,can,mav2,0.00443,True,0.439,1.885,1.446,0.0069,0.1426,True,True,0.8904,True,True,2.1369,True,True,4.6298,True,True
conservative,1.32,0.178,0.356,0.114,can,ed25519,0.00911,True,0.421,1.885,1.465,0.0142,0.1426,True,True,0.8904,True,True,2.1369,True,True,4.6298,True,True
conservative,1.32,0.178,0.356,0.114,can,fndsa512,0.06684,True,0.189,1.885,1.696,0.1044,0.1426,True,True,0.8904,True,True,2.1369,True,True,4.6298,True,True
conservative,1.32,0.178,0.356,0.114,can,mldsa44,0.11898,False,-0.02,1.885,1.905,0.1858,0.1426,True,True,0.8904,True,True,2.1369,True,True,4.6298,True,True
conservative,1.32,0.178,0.356,0.114,can,slhdsa128f,inf,False,-inf,1.885,inf,inf,0.1426,True,False,0.8904,True,False,2.1369,True,False,4.6298,True,False
conservative,1.32,0.178,0.356,0.114,can,slhdsa128s,inf,False,-inf,1.885,inf,inf,0.1426,True,False,0.8904,True,False,2.1369,True,False,4.6298,True,False
conservative,1.32,0.178,0.356,0.114,can,tesla@0.05,0.06459,True,0.198,1.885,1.687,0.1009,0.1426,True,True,0.8904,True,True,2.1369,True,True,4.6298,True,True
conservative,1.32,0.178,0.356,0.114,can,tesla@0.1,0.11459,False,-0.002,1.885,1.888,0.179,0.1426,True,True,0.8904,True,True,2.1369,True,True,4.6298,True,True
conservative,1.32,0.178,0.356,0.114,can,tesla@0.5,0.51459,False,-1.607,1.885,3.492,0.8036,0.1426,True,False,0.8904,True,True,2.1369,True,True,4.6298,True,True
conservative,1.32,0.178,0.356,0.114,can,tesla@1,1.01459,False,-3.613,1.885,5.498,1.5845,0.1426,True,False,0.8904,True,False,2.1369,True,True,4.6298,True,True
conservative,1.32,0.178,0.356,0.114,canfd,mav2,0.00493,True,0.437,1.885,1.448,0.0077,0.1426,True,True,0.8904,True,True,2.1369,True,True,4.6298,True,True
conservative,1.32,0.178,0.356,0.114,canfd,ed25519,0.00868,True,0.422,1.885,1.463,0.0136,0.1426,True,True,0.8904,True,True,2.1369,True,True,4.6298,True,True
conservative,1.32,0.178,0.356,0.114,canfd,fndsa512,0.05438,True,0.239,1.885,1.646,0.0849,0.1426,True,True,0.8904,True,True,2.1369,True,True,4.6298,True,True
conservative,1.32,0.178,0.356,0.114,canfd,mldsa44,0.06807,True,0.184,1.885,1.701,0.1063,0.1426,True,True,0.8904,True,True,2.1369,True,True,4.6298,True,True
conservative,1.32,0.178,0.356,0.114,canfd,slhdsa128f,0.87517,False,-3.053,1.885,4.939,1.3667,0.1426,True,False,0.8904,True,True,2.1369,True,True,4.6298,True,True
conservative,1.32,0.178,0.356,0.114,canfd,slhdsa128s,15.99751,False,-63.716,1.885,65.601,24.9827,0.1426,True,False,0.8904,True,False,2.1369,True,False,4.6298,True,False
conservative,1.32,0.178,0.356,0.114,canfd,tesla@0.05,0.06493,True,0.197,1.885,1.689,0.1014,0.1426,True,True,0.8904,True,True,2.1369,True,True,4.6298,True,True
conservative,1.32,0.178,0.356,0.114,canfd,tesla@0.1,0.11493,False,-0.004,1.885,1.889,0.1795,0.1426,True,True,0.8904,True,True,2.1369,True,True,4.6298,True,True
conservative,1.32,0.178,0.356,0.114,canfd,tesla@0.5,0.51493,False,-1.608,1.885,3.494,0.8041,0.1426,True,False,0.8904,True,True,2.1369,True,True,4.6298,True,True
conservative,1.32,0.178,0.356,0.114,canfd,tesla@1,1.01493,False,-3.614,1.885,5.499,1.585,0.1426,True,False,0.8904,True,False,2.1369,True,True,4.6298,True,True
conservative,1.32,0.178,0.356,0.114,mav921k,mav2,0.00026,True,0.456,1.885,1.429,0.0004,0.1426,True,True,0.8904,True,True,2.1369,True,True,4.6298,True,True
conservative,1.32,0.178,0.356,0.114,mav921k,ed25519,0.00437,True,0.44,1.885,1.446,0.0068,0.1426,True,True,0.8904,True,True,2.1369,True,True,4.6298,True,True
conservative,1.32,0.178,0.356,0.114,mav921k,fndsa512,0.05573,True,0.234,1.885,1.652,0.087,0.1426,True,True,0.8904,True,True,2.1369,True,True,4.6298,True,True
conservative,1.32,0.178,0.356,0.114,mav921k,mldsa44,0.09374,True,0.081,1.885,1.804,0.1464,0.1426,True,True,0.8904,True,True,2.1369,True,True,4.6298,True,True
conservative,1.32,0.178,0.356,0.114,mav921k,slhdsa128f,inf,False,-inf,1.885,inf,inf,0.1426,True,False,0.8904,True,False,2.1369,True,False,4.6298,True,False
conservative,1.32,0.178,0.356,0.114,mav921k,slhdsa128s,16.79041,False,-66.896,1.885,68.781,26.2209,0.1426,True,False,0.8904,True,False,2.1369,True,False,4.6298,True,False
conservative,1.32,0.178,0.356,0.114,mav921k,tesla@0.05,0.0604,True,0.215,1.885,1.67,0.0943,0.1426,True,True,0.8904,True,True,2.1369,True,True,4.6298,True,True
conservative,1.32,0.178,0.356,0.114,mav921k,tesla@0.1,0.1104,True,0.014,1.885,1.871,0.1724,0.1426,True,True,0.8904,True,True,2.1369,True,True,4.6298,True,True
conservative,1.32,0.178,0.356,0.114,mav921k,tesla@0.5,0.5104,False,-1.59,1.885,3.475,0.7971,0.1426,True,False,0.8904,True,True,2.1369,True,True,4.6298,True,True
conservative,1.32,0.178,0.356,0.114,mav921k,tesla@1,1.0104,False,-3.596,1.885,5.481,1.5779,0.1426,True,False,0.8904,True,False,2.1369,True,True,4.6298,True,True
conservative,1.32,0.25,0.5,0.1601,can,mav2,0.00443,True,0.624,2.648,2.023,0.0069,-0.0014,False,False,0.7464,True,True,1.9929,True,True,4.4858,True,True
conservative,1.32,0.25,0.5,0.1601,can,ed25519,0.00911,True,0.606,2.648,2.042,0.0142,-0.0014,False,False,0.7464,True,True,1.9929,True,True,4.4858,True,True
conservative,1.32,0.25,0.5,0.1601,can,fndsa512,0.06684,True,0.374,2.648,2.274,0.1044,-0.0014,False,False,0.7464,True,True,1.9929,True,True,4.4858,True,True
conservative,1.32,0.25,0.5,0.1601,can,mldsa44,0.11898,True,0.165,2.648,2.483,0.1858,-0.0014,False,False,0.7464,True,True,1.9929,True,True,4.4858,True,True
conservative,1.32,0.25,0.5,0.1601,can,slhdsa128f,inf,False,-inf,2.648,inf,inf,-0.0014,False,False,0.7464,True,False,1.9929,True,False,4.4858,True,False
conservative,1.32,0.25,0.5,0.1601,can,slhdsa128s,inf,False,-inf,2.648,inf,inf,-0.0014,False,False,0.7464,True,False,1.9929,True,False,4.4858,True,False
conservative,1.32,0.25,0.5,0.1601,can,tesla@0.05,0.06459,True,0.383,2.648,2.265,0.1009,-0.0014,False,False,0.7464,True,True,1.9929,True,True,4.4858,True,True
conservative,1.32,0.25,0.5,0.1601,can,tesla@0.1,0.11459,True,0.182,2.648,2.465,0.179,-0.0014,False,False,0.7464,True,True,1.9929,True,True,4.4858,True,True
conservative,1.32,0.25,0.5,0.1601,can,tesla@0.5,0.51459,False,-1.422,2.648,4.07,0.8036,-0.0014,False,False,0.7464,True,True,1.9929,True,True,4.4858,True,True
conservative,1.32,0.25,0.5,0.1601,can,tesla@1,1.01459,False,-3.428,2.648,6.076,1.5845,-0.0014,False,False,0.7464,True,False,1.9929,True,True,4.4858,True,True
conservative,1.32,0.25,0.5,0.1601,canfd,mav2,0.00493,True,0.622,2.648,2.025,0.0077,-0.0014,False,False,0.7464,True,True,1.9929,True,True,4.4858,True,True
conservative,1.32,0.25,0.5,0.1601,canfd,ed25519,0.00868,True,0.607,2.648,2.041,0.0136,-0.0014,False,False,0.7464,True,True,1.9929,True,True,4.4858,True,True
conservative,1.32,0.25,0.5,0.1601,canfd,fndsa512,0.05438,True,0.424,2.648,2.224,0.0849,-0.0014,False,False,0.7464,True,True,1.9929,True,True,4.4858,True,True
conservative,1.32,0.25,0.5,0.1601,canfd,mldsa44,0.06807,True,0.369,2.648,2.279,0.1063,-0.0014,False,False,0.7464,True,True,1.9929,True,True,4.4858,True,True
conservative,1.32,0.25,0.5,0.1601,canfd,slhdsa128f,0.87517,False,-2.869,2.648,5.516,1.3667,-0.0014,False,False,0.7464,True,False,1.9929,True,True,4.4858,True,True
conservative,1.32,0.25,0.5,0.1601,canfd,slhdsa128s,15.99751,False,-63.531,2.648,66.178,24.9827,-0.0014,False,False,0.7464,True,False,1.9929,True,False,4.4858,True,False
conservative,1.32,0.25,0.5,0.1601,canfd,tesla@0.05,0.06493,True,0.382,2.648,2.266,0.1014,-0.0014,False,False,0.7464,True,True,1.9929,True,True,4.4858,True,True
conservative,1.32,0.25,0.5,0.1601,canfd,tesla@0.1,0.11493,True,0.181,2.648,2.467,0.1795,-0.0014,False,False,0.7464,True,True,1.9929,True,True,4.4858,True,True
conservative,1.32,0.25,0.5,0.1601,canfd,tesla@0.5,0.51493,False,-1.423,2.648,4.071,0.8041,-0.0014,False,False,0.7464,True,True,1.9929,True,True,4.4858,True,True
conservative,1.32,0.25,0.5,0.1601,canfd,tesla@1,1.01493,False,-3.429,2.648,6.077,1.585,-0.0014,False,False,0.7464,True,False,1.9929,True,True,4.4858,True,True
conservative,1.32,0.25,0.5,0.1601,mav921k,mav2,0.00026,True,0.641,2.648,2.007,0.0004,-0.0014,False,False,0.7464,True,True,1.9929,True,True,4.4858,True,True
conservative,1.32,0.25,0.5,0.1601,mav921k,ed25519,0.00437,True,0.625,2.648,2.023,0.0068,-0.0014,False,False,0.7464,True,True,1.9929,True,True,4.4858,True,True
conservative,1.32,0.25,0.5,0.1601,mav921k,fndsa512,0.05573,True,0.419,2.648,2.229,0.087,-0.0014,False,False,0.7464,True,True,1.9929,True,True,4.4858,True,True
conservative,1.32,0.25,0.5,0.1601,mav921k,mldsa44,0.09374,True,0.266,2.648,2.382,0.1464,-0.0014,False,False,0.7464,True,True,1.9929,True,True,4.4858,True,True
conservative,1.32,0.25,0.5,0.1601,mav921k,slhdsa128f,inf,False,-inf,2.648,inf,inf,-0.0014,False,False,0.7464,True,False,1.9929,True,False,4.4858,True,False
conservative,1.32,0.25,0.5,0.1601,mav921k,slhdsa128s,16.79041,False,-66.711,2.648,69.359,26.2209,-0.0014,False,False,0.7464,True,False,1.9929,True,False,4.4858,True,False
conservative,1.32,0.25,0.5,0.1601,mav921k,tesla@0.05,0.0604,True,0.4,2.648,2.248,0.0943,-0.0014,False,False,0.7464,True,True,1.9929,True,True,4.4858,True,True
conservative,1.32,0.25,0.5,0.1601,mav921k,tesla@0.1,0.1104,True,0.199,2.648,2.449,0.1724,-0.0014,False,False,0.7464,True,True,1.9929,True,True,4.4858,True,True
conservative,1.32,0.25,0.5,0.1601,mav921k,tesla@0.5,0.5104,False,-1.405,2.648,4.053,0.7971,-0.0014,False,False,0.7464,True,True,1.9929,True,True,4.4858,True,True
conservative,1.32,0.25,0.5,0.1601,mav921k,tesla@1,1.0104,False,-3.411,2.648,6.059,1.5779,-0.0014,False,False,0.7464,True,False,1.9929,True,True,4.4858,True,True
conservative,1.32,1.0,2.0,0.6403,can,mav2,0.00443,True,2.551,10.592,8.041,0.0069,-1.5014,False,False,-0.7536,False,False,0.4929,False,True,2.9858,True,True
conservative,1.32,1.0,2.0,0.6403,can,ed25519,0.00911,True,2.532,10.592,8.059,0.0142,-1.5014,False,False,-0.7536,False,False,0.4929,False,True,2.9858,True,True
conservative,1.32,1.0,2.0,0.6403,can,fndsa512,0.06684,True,2.301,10.592,8.291,0.1044,-1.5014,False,False,-0.7536,False,False,0.4929,False,True,2.9858,True,True
conservative,1.32,1.0,2.0,0.6403,can,mldsa44,0.11898,True,2.091,10.592,8.5,0.1858,-1.5014,False,False,-0.7536,False,False,0.4929,False,True,2.9858,True,True
conservative,1.32,1.0,2.0,0.6403,can,slhdsa128f,inf,False,-inf,10.592,inf,inf,-1.5014,False,False,-0.7536,False,False,0.4929,False,False,2.9858,True,False
conservative,1.32,1.0,2.0,0.6403,can,slhdsa128s,inf,False,-inf,10.592,inf,inf,-1.5014,False,False,-0.7536,False,False,0.4929,False,False,2.9858,True,False
conservative,1.32,1.0,2.0,0.6403,can,tesla@0.05,0.06459,True,2.31,10.592,8.282,0.1009,-1.5014,False,False,-0.7536,False,False,0.4929,False,True,2.9858,True,True
conservative,1.32,1.0,2.0,0.6403,can,tesla@0.1,0.11459,True,2.109,10.592,8.483,0.179,-1.5014,False,False,-0.7536,False,False,0.4929,False,True,2.9858,True,True
conservative,1.32,1.0,2.0,0.6403,can,tesla@0.5,0.51459,True,0.504,10.592,10.087,0.8036,-1.5014,False,False,-0.7536,False,False,0.4929,False,False,2.9858,True,True
conservative,1.32,1.0,2.0,0.6403,can,tesla@1,1.01459,False,-1.501,10.592,12.093,1.5845,-1.5014,False,False,-0.7536,False,False,0.4929,False,False,2.9858,True,True
conservative,1.32,1.0,2.0,0.6403,canfd,mav2,0.00493,True,2.549,10.592,8.043,0.0077,-1.5014,False,False,-0.7536,False,False,0.4929,False,True,2.9858,True,True
conservative,1.32,1.0,2.0,0.6403,canfd,ed25519,0.00868,True,2.534,10.592,8.058,0.0136,-1.5014,False,False,-0.7536,False,False,0.4929,False,True,2.9858,True,True
conservative,1.32,1.0,2.0,0.6403,canfd,fndsa512,0.05438,True,2.351,10.592,8.241,0.0849,-1.5014,False,False,-0.7536,False,False,0.4929,False,True,2.9858,True,True
conservative,1.32,1.0,2.0,0.6403,canfd,mldsa44,0.06807,True,2.296,10.592,8.296,0.1063,-1.5014,False,False,-0.7536,False,False,0.4929,False,True,2.9858,True,True
conservative,1.32,1.0,2.0,0.6403,canfd,slhdsa128f,0.87517,False,-0.942,10.592,11.534,1.3667,-1.5014,False,False,-0.7536,False,False,0.4929,False,False,2.9858,True,True
conservative,1.32,1.0,2.0,0.6403,canfd,slhdsa128s,15.99751,False,-61.604,10.592,72.196,24.9827,-1.5014,False,False,-0.7536,False,False,0.4929,False,False,2.9858,True,False
conservative,1.32,1.0,2.0,0.6403,canfd,tesla@0.05,0.06493,True,2.308,10.592,8.283,0.1014,-1.5014,False,False,-0.7536,False,False,0.4929,False,True,2.9858,True,True
conservative,1.32,1.0,2.0,0.6403,canfd,tesla@0.1,0.11493,True,2.108,10.592,8.484,0.1795,-1.5014,False,False,-0.7536,False,False,0.4929,False,True,2.9858,True,True
conservative,1.32,1.0,2.0,0.6403,canfd,tesla@0.5,0.51493,True,0.503,10.592,10.088,0.8041,-1.5014,False,False,-0.7536,False,False,0.4929,False,False,2.9858,True,True
conservative,1.32,1.0,2.0,0.6403,canfd,tesla@1,1.01493,False,-1.503,10.592,12.094,1.585,-1.5014,False,False,-0.7536,False,False,0.4929,False,False,2.9858,True,True
conservative,1.32,1.0,2.0,0.6403,mav921k,mav2,0.00026,True,2.568,10.592,8.024,0.0004,-1.5014,False,False,-0.7536,False,False,0.4929,False,True,2.9858,True,True
conservative,1.32,1.0,2.0,0.6403,mav921k,ed25519,0.00437,True,2.551,10.592,8.04,0.0068,-1.5014,False,False,-0.7536,False,False,0.4929,False,True,2.9858,True,True
conservative,1.32,1.0,2.0,0.6403,mav921k,fndsa512,0.05573,True,2.345,10.592,8.246,0.087,-1.5014,False,False,-0.7536,False,False,0.4929,False,True,2.9858,True,True
conservative,1.32,1.0,2.0,0.6403,mav921k,mldsa44,0.09374,True,2.193,10.592,8.399,0.1464,-1.5014,False,False,-0.7536,False,False,0.4929,False,True,2.9858,True,True
conservative,1.32,1.0,2.0,0.6403,mav921k,slhdsa128f,inf,False,-inf,10.592,inf,inf,-1.5014,False,False,-0.7536,False,False,0.4929,False,False,2.9858,True,False
conservative,1.32,1.0,2.0,0.6403,mav921k,slhdsa128s,16.79041,False,-64.785,10.592,75.376,26.2209,-1.5014,False,False,-0.7536,False,False,0.4929,False,False,2.9858,True,False
conservative,1.32,1.0,2.0,0.6403,mav921k,tesla@0.05,0.0604,True,2.326,10.592,8.265,0.0943,-1.5014,False,False,-0.7536,False,False,0.4929,False,True,2.9858,True,True
conservative,1.32,1.0,2.0,0.6403,mav921k,tesla@0.1,0.1104,True,2.126,10.592,8.466,0.1724,-1.5014,False,False,-0.7536,False,False,0.4929,False,True,2.9858,True,True
conservative,1.32,1.0,2.0,0.6403,mav921k,tesla@0.5,0.5104,True,0.521,10.592,10.07,0.7971,-1.5014,False,False,-0.7536,False,False,0.4929,False,False,2.9858,True,True
conservative,1.32,1.0,2.0,0.6403,mav921k,tesla@1,1.0104,False,-1.484,10.592,12.076,1.5779,-1.5014,False,False,-0.7536,False,False,0.4929,False,False,2.9858,True,True
conservative,1.32,5.0,10.0,3.2017,can,mav2,0.00443,True,12.826,52.958,40.132,0.0069,-9.5014,False,False,-8.7536,False,False,-7.5071,False,False,-5.0142,False,False
conservative,1.32,5.0,10.0,3.2017,can,ed25519,0.00911,True,12.807,52.958,40.151,0.0142,-9.5014,False,False,-8.7536,False,False,-7.5071,False,False,-5.0142,False,False
conservative,1.32,5.0,10.0,3.2017,can,fndsa512,0.06684,True,12.575,52.958,40.382,0.1044,-9.5014,False,False,-8.7536,False,False,-7.5071,False,False,-5.0142,False,False
conservative,1.32,5.0,10.0,3.2017,can,mldsa44,0.11898,True,12.366,52.958,40.591,0.1858,-9.5014,False,False,-8.7536,False,False,-7.5071,False,False,-5.0142,False,False
conservative,1.32,5.0,10.0,3.2017,can,slhdsa128f,inf,False,-inf,52.958,inf,inf,-9.5014,False,False,-8.7536,False,False,-7.5071,False,False,-5.0142,False,False
conservative,1.32,5.0,10.0,3.2017,can,slhdsa128s,inf,False,-inf,52.958,inf,inf,-9.5014,False,False,-8.7536,False,False,-7.5071,False,False,-5.0142,False,False
conservative,1.32,5.0,10.0,3.2017,can,tesla@0.05,0.06459,True,12.584,52.958,40.373,0.1009,-9.5014,False,False,-8.7536,False,False,-7.5071,False,False,-5.0142,False,False
conservative,1.32,5.0,10.0,3.2017,can,tesla@0.1,0.11459,True,12.384,52.958,40.574,0.179,-9.5014,False,False,-8.7536,False,False,-7.5071,False,False,-5.0142,False,False
conservative,1.32,5.0,10.0,3.2017,can,tesla@0.5,0.51459,True,10.779,52.958,42.178,0.8036,-9.5014,False,False,-8.7536,False,False,-7.5071,False,False,-5.0142,False,False
conservative,1.32,5.0,10.0,3.2017,can,tesla@1,1.01459,True,8.773,52.958,44.184,1.5845,-9.5014,False,False,-8.7536,False,False,-7.5071,False,False,-5.0142,False,False
conservative,1.32,5.0,10.0,3.2017,canfd,mav2,0.00493,True,12.824,52.958,40.134,0.0077,-9.5014,False,False,-8.7536,False,False,-7.5071,False,False,-5.0142,False,False
conservative,1.32,5.0,10.0,3.2017,canfd,ed25519,0.00868,True,12.809,52.958,40.149,0.0136,-9.5014,False,False,-8.7536,False,False,-7.5071,False,False,-5.0142,False,False
conservative,1.32,5.0,10.0,3.2017,canfd,fndsa512,0.05438,True,12.625,52.958,40.332,0.0849,-9.5014,False,False,-8.7536,False,False,-7.5071,False,False,-5.0142,False,False
conservative,1.32,5.0,10.0,3.2017,canfd,mldsa44,0.06807,True,12.57,52.958,40.387,0.1063,-9.5014,False,False,-8.7536,False,False,-7.5071,False,False,-5.0142,False,False
conservative,1.32,5.0,10.0,3.2017,canfd,slhdsa128f,0.87517,True,9.333,52.958,43.625,1.3667,-9.5014,False,False,-8.7536,False,False,-7.5071,False,False,-5.0142,False,False
conservative,1.32,5.0,10.0,3.2017,canfd,slhdsa128s,15.99751,False,-51.329,52.958,104.287,24.9827,-9.5014,False,False,-8.7536,False,False,-7.5071,False,False,-5.0142,False,False
conservative,1.32,5.0,10.0,3.2017,canfd,tesla@0.05,0.06493,True,12.583,52.958,40.375,0.1014,-9.5014,False,False,-8.7536,False,False,-7.5071,False,False,-5.0142,False,False
conservative,1.32,5.0,10.0,3.2017,canfd,tesla@0.1,0.11493,True,12.382,52.958,40.575,0.1795,-9.5014,False,False,-8.7536,False,False,-7.5071,False,False,-5.0142,False,False
conservative,1.32,5.0,10.0,3.2017,canfd,tesla@0.5,0.51493,True,10.778,52.958,42.18,0.8041,-9.5014,False,False,-8.7536,False,False,-7.5071,False,False,-5.0142,False,False
conservative,1.32,5.0,10.0,3.2017,canfd,tesla@1,1.01493,True,8.772,52.958,44.186,1.585,-9.5014,False,False,-8.7536,False,False,-7.5071,False,False,-5.0142,False,False
conservative,1.32,5.0,10.0,3.2017,mav921k,mav2,0.00026,True,12.842,52.958,40.115,0.0004,-9.5014,False,False,-8.7536,False,False,-7.5071,False,False,-5.0142,False,False
conservative,1.32,5.0,10.0,3.2017,mav921k,ed25519,0.00437,True,12.826,52.958,40.132,0.0068,-9.5014,False,False,-8.7536,False,False,-7.5071,False,False,-5.0142,False,False
conservative,1.32,5.0,10.0,3.2017,mav921k,fndsa512,0.05573,True,12.62,52.958,40.338,0.087,-9.5014,False,False,-8.7536,False,False,-7.5071,False,False,-5.0142,False,False
conservative,1.32,5.0,10.0,3.2017,mav921k,mldsa44,0.09374,True,12.467,52.958,40.49,0.1464,-9.5014,False,False,-8.7536,False,False,-7.5071,False,False,-5.0142,False,False
conservative,1.32,5.0,10.0,3.2017,mav921k,slhdsa128f,inf,False,-inf,52.958,inf,inf,-9.5014,False,False,-8.7536,False,False,-7.5071,False,False,-5.0142,False,False
conservative,1.32,5.0,10.0,3.2017,mav921k,slhdsa128s,16.79041,False,-54.51,52.958,107.468,26.2209,-9.5014,False,False,-8.7536,False,False,-7.5071,False,False,-5.0142,False,False
conservative,1.32,5.0,10.0,3.2017,mav921k,tesla@0.05,0.0604,True,12.601,52.958,40.356,0.0943,-9.5014,False,False,-8.7536,False,False,-7.5071,False,False,-5.0142,False,False
conservative,1.32,5.0,10.0,3.2017,mav921k,tesla@0.1,0.1104,True,12.401,52.958,40.557,0.1724,-9.5014,False,False,-8.7536,False,False,-7.5071,False,False,-5.0142,False,False
conservative,1.32,5.0,10.0,3.2017,mav921k,tesla@0.5,0.5104,True,10.796,52.958,42.162,0.7971,-9.5014,False,False,-8.7536,False,False,-7.5071,False,False,-5.0142,False,False
conservative,1.32,5.0,10.0,3.2017,mav921k,tesla@1,1.0104,True,8.79,52.958,44.167,1.5779,-9.5014,False,False,-8.7536,False,False,-7.5071,False,False,-5.0142,False,False
headline,1.742,0.178,0.356,0.264,can,mav2,0.00443,True,0.789,1.885,1.096,0.003,0.3017,True,True,1.2882,True,True,2.9325,True,True,6.221,True,True
headline,1.742,0.178,0.356,0.264,can,ed25519,0.00911,True,0.775,1.885,1.11,0.0061,0.3017,True,True,1.2882,True,True,2.9325,True,True,6.221,True,True
headline,1.742,0.178,0.356,0.264,can,fndsa512,0.06684,True,0.599,1.885,1.286,0.0451,0.3017,True,True,1.2882,True,True,2.9325,True,True,6.221,True,True
headline,1.742,0.178,0.356,0.264,can,mldsa44,0.11898,True,0.441,1.885,1.444,0.0802,0.3017,True,True,1.2882,True,True,2.9325,True,True,6.221,True,True
headline,1.742,0.178,0.356,0.264,can,slhdsa128f,inf,False,-inf,1.885,inf,inf,0.3017,True,False,1.2882,True,False,2.9325,True,False,6.221,True,False
headline,1.742,0.178,0.356,0.264,can,slhdsa128s,inf,False,-inf,1.885,inf,inf,0.3017,True,False,1.2882,True,False,2.9325,True,False,6.221,True,False
headline,1.742,0.178,0.356,0.264,can,tesla@0.05,0.06459,True,0.606,1.885,1.279,0.0436,0.3017,True,True,1.2882,True,True,2.9325,True,True,6.221,True,True
headline,1.742,0.178,0.356,0.264,can,tesla@0.1,0.11459,True,0.454,1.885,1.431,0.0773,0.3017,True,True,1.2882,True,True,2.9325,True,True,6.221,True,True
headline,1.742,0.178,0.356,0.264,can,tesla@0.5,0.51459,False,-0.762,1.885,2.647,0.347,0.3017,True,False,1.2882,True,True,2.9325,True,True,6.221,True,True
headline,1.742,0.178,0.356,0.264,can,tesla@1,1.01459,False,-2.283,1.885,4.168,0.6841,0.3017,True,False,1.2882,True,True,2.9325,True,True,6.221,True,True
headline,1.742,0.178,0.356,0.264,canfd,mav2,0.00493,True,0.788,1.885,1.098,0.0033,0.3017,True,True,1.2882,True,True,2.9325,True,True,6.221,True,True
headline,1.742,0.178,0.356,0.264,canfd,ed25519,0.00868,True,0.776,1.885,1.109,0.0059,0.3017,True,True,1.2882,True,True,2.9325,True,True,6.221,True,True
headline,1.742,0.178,0.356,0.264,canfd,fndsa512,0.05438,True,0.637,1.885,1.248,0.0367,0.3017,True,True,1.2882,True,True,2.9325,True,True,6.221,True,True
headline,1.742,0.178,0.356,0.264,canfd,mldsa44,0.06807,True,0.596,1.885,1.29,0.0459,0.3017,True,True,1.2882,True,True,2.9325,True,True,6.221,True,True
headline,1.742,0.178,0.356,0.264,canfd,slhdsa128f,0.87517,False,-1.859,1.885,3.744,0.5901,0.3017,True,False,1.2882,True,True,2.9325,True,True,6.221,True,True
headline,1.742,0.178,0.356,0.264,canfd,slhdsa128s,15.99751,False,-47.844,1.885,49.73,10.7872,0.3017,True,False,1.2882,True,False,2.9325,True,False,6.221,True,False
headline,1.742,0.178,0.356,0.264,canfd,tesla@0.05,0.06493,True,0.605,1.885,1.28,0.0438,0.3017,True,True,1.2882,True,True,2.9325,True,True,6.221,True,True
headline,1.742,0.178,0.356,0.264,canfd,tesla@0.1,0.11493,True,0.453,1.885,1.432,0.0775,0.3017,True,True,1.2882,True,True,2.9325,True,True,6.221,True,True
headline,1.742,0.178,0.356,0.264,canfd,tesla@0.5,0.51493,False,-0.763,1.885,2.648,0.3472,0.3017,True,False,1.2882,True,True,2.9325,True,True,6.221,True,True
headline,1.742,0.178,0.356,0.264,canfd,tesla@1,1.01493,False,-2.284,1.885,4.169,0.6844,0.3017,True,False,1.2882,True,True,2.9325,True,True,6.221,True,True
headline,1.742,0.178,0.356,0.264,mav921k,mav2,0.00026,True,0.802,1.885,1.083,0.0002,0.3017,True,True,1.2882,True,True,2.9325,True,True,6.221,True,True
headline,1.742,0.178,0.356,0.264,mav921k,ed25519,0.00437,True,0.789,1.885,1.096,0.0029,0.3017,True,True,1.2882,True,True,2.9325,True,True,6.221,True,True
headline,1.742,0.178,0.356,0.264,mav921k,fndsa512,0.05573,True,0.633,1.885,1.252,0.0376,0.3017,True,True,1.2882,True,True,2.9325,True,True,6.221,True,True
headline,1.742,0.178,0.356,0.264,mav921k,mldsa44,0.09374,True,0.518,1.885,1.368,0.0632,0.3017,True,True,1.2882,True,True,2.9325,True,True,6.221,True,True
headline,1.742,0.178,0.356,0.264,mav921k,slhdsa128f,inf,False,-inf,1.885,inf,inf,0.3017,True,False,1.2882,True,False,2.9325,True,False,6.221,True,False
headline,1.742,0.178,0.356,0.264,mav921k,slhdsa128s,16.79041,False,-50.255,1.885,52.141,11.3218,0.3017,True,False,1.2882,True,False,2.9325,True,False,6.221,True,False
headline,1.742,0.178,0.356,0.264,mav921k,tesla@0.05,0.0604,True,0.619,1.885,1.266,0.0407,0.3017,True,True,1.2882,True,True,2.9325,True,True,6.221,True,True
headline,1.742,0.178,0.356,0.264,mav921k,tesla@0.1,0.1104,True,0.467,1.885,1.418,0.0744,0.3017,True,True,1.2882,True,True,2.9325,True,True,6.221,True,True
headline,1.742,0.178,0.356,0.264,mav921k,tesla@0.5,0.5104,False,-0.749,1.885,2.635,0.3442,0.3017,True,False,1.2882,True,True,2.9325,True,True,6.221,True,True
headline,1.742,0.178,0.356,0.264,mav921k,tesla@1,1.0104,False,-2.27,1.885,4.155,0.6813,0.3017,True,False,1.2882,True,True,2.9325,True,True,6.221,True,True
headline,1.742,0.25,0.5,0.3708,can,mav2,0.00443,True,1.114,2.648,1.534,0.003,0.1577,False,True,1.1442,True,True,2.7885,True,True,6.077,True,True
headline,1.742,0.25,0.5,0.3708,can,ed25519,0.00911,True,1.1,2.648,1.548,0.0061,0.1577,False,True,1.1442,True,True,2.7885,True,True,6.077,True,True
headline,1.742,0.25,0.5,0.3708,can,fndsa512,0.06684,True,0.924,2.648,1.724,0.0451,0.1577,False,True,1.1442,True,True,2.7885,True,True,6.077,True,True
headline,1.742,0.25,0.5,0.3708,can,mldsa44,0.11898,True,0.766,2.648,1.882,0.0802,0.1577,False,True,1.1442,True,True,2.7885,True,True,6.077,True,True
headline,1.742,0.25,0.5,0.3708,can,slhdsa128f,inf,False,-inf,2.648,inf,inf,0.1577,False,False,1.1442,True,False,2.7885,True,False,6.077,True,False
headline,1.742,0.25,0.5,0.3708,can,slhdsa128s,inf,False,-inf,2.648,inf,inf,0.1577,False,False,1.1442,True,False,2.7885,True,False,6.077,True,False
headline,1.742,0.25,0.5,0.3708,can,tesla@0.05,0.06459,True,0.931,2.648,1.717,0.0436,0.1577,False,True,1.1442,True,True,2.7885,True,True,6.077,True,True
headline,1.742,0.25,0.5,0.3708,can,tesla@0.1,0.11459,True,0.779,2.648,1.869,0.0773,0.1577,False,True,1.1442,True,True,2.7885,True,True,6.077,True,True
headline,1.742,0.25,0.5,0.3708,can,tesla@0.5,0.51459,False,-0.437,2.648,3.085,0.347,0.1577,False,False,1.1442,True,True,2.7885,True,True,6.077,True,True
headline,1.742,0.25,0.5,0.3708,can,tesla@1,1.01459,False,-1.958,2.648,4.606,0.6841,0.1577,False,False,1.1442,True,True,2.7885,True,True,6.077,True,True
headline,1.742,0.25,0.5,0.3708,canfd,mav2,0.00493,True,1.112,2.648,1.535,0.0033,0.1577,False,True,1.1442,True,True,2.7885,True,True,6.077,True,True
headline,1.742,0.25,0.5,0.3708,canfd,ed25519,0.00868,True,1.101,2.648,1.547,0.0059,0.1577,False,True,1.1442,True,True,2.7885,True,True,6.077,True,True
headline,1.742,0.25,0.5,0.3708,canfd,fndsa512,0.05438,True,0.962,2.648,1.686,0.0367,0.1577,False,True,1.1442,True,True,2.7885,True,True,6.077,True,True
headline,1.742,0.25,0.5,0.3708,canfd,mldsa44,0.06807,True,0.92,2.648,1.727,0.0459,0.1577,False,True,1.1442,True,True,2.7885,True,True,6.077,True,True
headline,1.742,0.25,0.5,0.3708,canfd,slhdsa128f,0.87517,False,-1.534,2.648,4.182,0.5901,0.1577,False,False,1.1442,True,True,2.7885,True,True,6.077,True,True
headline,1.742,0.25,0.5,0.3708,canfd,slhdsa128s,15.99751,False,-47.52,2.648,50.167,10.7872,0.1577,False,False,1.1442,True,False,2.7885,True,False,6.077,True,False
headline,1.742,0.25,0.5,0.3708,canfd,tesla@0.05,0.06493,True,0.93,2.648,1.718,0.0438,0.1577,False,True,1.1442,True,True,2.7885,True,True,6.077,True,True
headline,1.742,0.25,0.5,0.3708,canfd,tesla@0.1,0.11493,True,0.778,2.648,1.87,0.0775,0.1577,False,True,1.1442,True,True,2.7885,True,True,6.077,True,True
headline,1.742,0.25,0.5,0.3708,canfd,tesla@0.5,0.51493,False,-0.438,2.648,3.086,0.3472,0.1577,False,False,1.1442,True,True,2.7885,True,True,6.077,True,True
headline,1.742,0.25,0.5,0.3708,canfd,tesla@1,1.01493,False,-1.959,2.648,4.607,0.6844,0.1577,False,False,1.1442,True,True,2.7885,True,True,6.077,True,True
headline,1.742,0.25,0.5,0.3708,mav921k,mav2,0.00026,True,1.127,2.648,1.521,0.0002,0.1577,False,True,1.1442,True,True,2.7885,True,True,6.077,True,True
headline,1.742,0.25,0.5,0.3708,mav921k,ed25519,0.00437,True,1.114,2.648,1.534,0.0029,0.1577,False,True,1.1442,True,True,2.7885,True,True,6.077,True,True
headline,1.742,0.25,0.5,0.3708,mav921k,fndsa512,0.05573,True,0.958,2.648,1.69,0.0376,0.1577,False,True,1.1442,True,True,2.7885,True,True,6.077,True,True
headline,1.742,0.25,0.5,0.3708,mav921k,mldsa44,0.09374,True,0.842,2.648,1.805,0.0632,0.1577,False,True,1.1442,True,True,2.7885,True,True,6.077,True,True
headline,1.742,0.25,0.5,0.3708,mav921k,slhdsa128f,inf,False,-inf,2.648,inf,inf,0.1577,False,False,1.1442,True,False,2.7885,True,False,6.077,True,False
headline,1.742,0.25,0.5,0.3708,mav921k,slhdsa128s,16.79041,False,-49.931,2.648,52.579,11.3218,0.1577,False,False,1.1442,True,False,2.7885,True,False,6.077,True,False
headline,1.742,0.25,0.5,0.3708,mav921k,tesla@0.05,0.0604,True,0.944,2.648,1.704,0.0407,0.1577,False,True,1.1442,True,True,2.7885,True,True,6.077,True,True
headline,1.742,0.25,0.5,0.3708,mav921k,tesla@0.1,0.1104,True,0.792,2.648,1.856,0.0744,0.1577,False,True,1.1442,True,True,2.7885,True,True,6.077,True,True
headline,1.742,0.25,0.5,0.3708,mav921k,tesla@0.5,0.5104,False,-0.425,2.648,3.073,0.3442,0.1577,False,False,1.1442,True,True,2.7885,True,True,6.077,True,True
headline,1.742,0.25,0.5,0.3708,mav921k,tesla@1,1.0104,False,-1.945,2.648,4.593,0.6813,0.1577,False,False,1.1442,True,True,2.7885,True,True,6.077,True,True
headline,1.742,1.0,2.0,1.483,can,mav2,0.00443,True,4.496,10.592,6.095,0.003,-1.3423,False,False,-0.3558,False,False,1.2885,False,True,4.577,True,True
headline,1.742,1.0,2.0,1.483,can,ed25519,0.00911,True,4.482,10.592,6.11,0.0061,-1.3423,False,False,-0.3558,False,False,1.2885,False,True,4.577,True,True
headline,1.742,1.0,2.0,1.483,can,fndsa512,0.06684,True,4.306,10.592,6.285,0.0451,-1.3423,False,False,-0.3558,False,False,1.2885,False,True,4.577,True,True
headline,1.742,1.0,2.0,1.483,can,mldsa44,0.11898,True,4.148,10.592,6.444,0.0802,-1.3423,False,False,-0.3558,False,False,1.2885,False,True,4.577,True,True
headline,1.742,1.0,2.0,1.483,can,slhdsa128f,inf,False,-inf,10.592,inf,inf,-1.3423,False,False,-0.3558,False,False,1.2885,False,False,4.577,True,False
headline,1.742,1.0,2.0,1.483,can,slhdsa128s,inf,False,-inf,10.592,inf,inf,-1.3423,False,False,-0.3558,False,False,1.2885,False,False,4.577,True,False
headline,1.742,1.0,2.0,1.483,can,tesla@0.05,0.06459,True,4.313,10.592,6.278,0.0436,-1.3423,False,False,-0.3558,False,False,1.2885,False,True,4.577,True,True
headline,1.742,1.0,2.0,1.483,can,tesla@0.1,0.11459,True,4.161,10.592,6.43,0.0773,-1.3423,False,False,-0.3558,False,False,1.2885,False,True,4.577,True,True
headline,1.742,1.0,2.0,1.483,can,tesla@0.5,0.51459,True,2.945,10.592,7.647,0.347,-1.3423,False,False,-0.3558,False,False,1.2885,False,True,4.577,True,True
headline,1.742,1.0,2.0,1.483,can,tesla@1,1.01459,True,1.424,10.592,9.167,0.6841,-1.3423,False,False,-0.3558,False,False,1.2885,False,True,4.577,True,True
headline,1.742,1.0,2.0,1.483,canfd,mav2,0.00493,True,4.495,10.592,6.097,0.0033,-1.3423,False,False,-0.3558,False,False,1.2885,False,True,4.577,True,True
headline,1.742,1.0,2.0,1.483,canfd,ed25519,0.00868,True,4.483,10.592,6.108,0.0059,-1.3423,False,False,-0.3558,False,False,1.2885,False,True,4.577,True,True
headline,1.742,1.0,2.0,1.483,canfd,fndsa512,0.05438,True,4.344,10.592,6.247,0.0367,-1.3423,False,False,-0.3558,False,False,1.2885,False,True,4.577,True,True
headline,1.742,1.0,2.0,1.483,canfd,mldsa44,0.06807,True,4.303,10.592,6.289,0.0459,-1.3423,False,False,-0.3558,False,False,1.2885,False,True,4.577,True,True
headline,1.742,1.0,2.0,1.483,canfd,slhdsa128f,0.87517,True,1.848,10.592,8.743,0.5901,-1.3423,False,False,-0.3558,False,False,1.2885,False,True,4.577,True,True
headline,1.742,1.0,2.0,1.483,canfd,slhdsa128s,15.99751,False,-44.137,10.592,54.729,10.7872,-1.3423,False,False,-0.3558,False,False,1.2885,False,False,4.577,True,False
headline,1.742,1.0,2.0,1.483,canfd,tesla@0.05,0.06493,True,4.312,10.592,6.279,0.0438,-1.3423,False,False,-0.3558,False,False,1.2885,False,True,4.577,True,True
headline,1.742,1.0,2.0,1.483,canfd,tesla@0.1,0.11493,True,4.16,10.592,6.431,0.0775,-1.3423,False,False,-0.3558,False,False,1.2885,False,True,4.577,True,True
headline,1.742,1.0,2.0,1.483,canfd,tesla@0.5,0.51493,True,2.944,10.592,7.648,0.3472,-1.3423,False,False,-0.3558,False,False,1.2885,False,True,4.577,True,True
headline,1.742,1.0,2.0,1.483,canfd,tesla@1,1.01493,True,1.423,10.592,9.168,0.6844,-1.3423,False,False,-0.3558,False,False,1.2885,False,True,4.577,True,True
headline,1.742,1.0,2.0,1.483,mav921k,mav2,0.00026,True,4.509,10.592,6.083,0.0002,-1.3423,False,False,-0.3558,False,False,1.2885,False,True,4.577,True,True
headline,1.742,1.0,2.0,1.483,mav921k,ed25519,0.00437,True,4.496,10.592,6.095,0.0029,-1.3423,False,False,-0.3558,False,False,1.2885,False,True,4.577,True,True
headline,1.742,1.0,2.0,1.483,mav921k,fndsa512,0.05573,True,4.34,10.592,6.251,0.0376,-1.3423,False,False,-0.3558,False,False,1.2885,False,True,4.577,True,True
headline,1.742,1.0,2.0,1.483,mav921k,mldsa44,0.09374,True,4.225,10.592,6.367,0.0632,-1.3423,False,False,-0.3558,False,False,1.2885,False,True,4.577,True,True
headline,1.742,1.0,2.0,1.483,mav921k,slhdsa128f,inf,False,-inf,10.592,inf,inf,-1.3423,False,False,-0.3558,False,False,1.2885,False,False,4.577,True,False
headline,1.742,1.0,2.0,1.483,mav921k,slhdsa128s,16.79041,False,-46.548,10.592,57.14,11.3218,-1.3423,False,False,-0.3558,False,False,1.2885,False,False,4.577,True,False
headline,1.742,1.0,2.0,1.483,mav921k,tesla@0.05,0.0604,True,4.326,10.592,6.265,0.0407,-1.3423,False,False,-0.3558,False,False,1.2885,False,True,4.577,True,True
headline,1.742,1.0,2.0,1.483,mav921k,tesla@0.1,0.1104,True,4.174,10.592,6.418,0.0744,-1.3423,False,False,-0.3558,False,False,1.2885,False,True,4.577,True,True
headline,1.742,1.0,2.0,1.483,mav921k,tesla@0.5,0.5104,True,2.958,10.592,7.634,0.3442,-1.3423,False,False,-0.3558,False,False,1.2885,False,True,4.577,True,True
headline,1.742,1.0,2.0,1.483,mav921k,tesla@1,1.0104,True,1.437,10.592,9.154,0.6813,-1.3423,False,False,-0.3558,False,False,1.2885,False,True,4.577,True,True
headline,1.742,5.0,10.0,7.4151,can,mav2,0.00443,True,22.535,52.958,30.423,0.003,-9.3423,False,False,-8.3558,False,False,-6.7115,False,False,-3.423,False,False
headline,1.742,5.0,10.0,7.4151,can,ed25519,0.00911,True,22.521,52.958,30.437,0.0061,-9.3423,False,False,-8.3558,False,False,-6.7115,False,False,-3.423,False,False
headline,1.742,5.0,10.0,7.4151,can,fndsa512,0.06684,True,22.345,52.958,30.612,0.0451,-9.3423,False,False,-8.3558,False,False,-6.7115,False,False,-3.423,False,False
headline,1.742,5.0,10.0,7.4151,can,mldsa44,0.11898,True,22.187,52.958,30.771,0.0802,-9.3423,False,False,-8.3558,False,False,-6.7115,False,False,-3.423,False,False
headline,1.742,5.0,10.0,7.4151,can,slhdsa128f,inf,False,-inf,52.958,inf,inf,-9.3423,False,False,-8.3558,False,False,-6.7115,False,False,-3.423,False,False
headline,1.742,5.0,10.0,7.4151,can,slhdsa128s,inf,False,-inf,52.958,inf,inf,-9.3423,False,False,-8.3558,False,False,-6.7115,False,False,-3.423,False,False
headline,1.742,5.0,10.0,7.4151,can,tesla@0.05,0.06459,True,22.352,52.958,30.606,0.0436,-9.3423,False,False,-8.3558,False,False,-6.7115,False,False,-3.423,False,False
headline,1.742,5.0,10.0,7.4151,can,tesla@0.1,0.11459,True,22.2,52.958,30.758,0.0773,-9.3423,False,False,-8.3558,False,False,-6.7115,False,False,-3.423,False,False
headline,1.742,5.0,10.0,7.4151,can,tesla@0.5,0.51459,True,20.984,52.958,31.974,0.347,-9.3423,False,False,-8.3558,False,False,-6.7115,False,False,-3.423,False,False
headline,1.742,5.0,10.0,7.4151,can,tesla@1,1.01459,True,19.463,52.958,33.494,0.6841,-9.3423,False,False,-8.3558,False,False,-6.7115,False,False,-3.423,False,False
headline,1.742,5.0,10.0,7.4151,canfd,mav2,0.00493,True,22.534,52.958,30.424,0.0033,-9.3423,False,False,-8.3558,False,False,-6.7115,False,False,-3.423,False,False
headline,1.742,5.0,10.0,7.4151,canfd,ed25519,0.00868,True,22.522,52.958,30.435,0.0059,-9.3423,False,False,-8.3558,False,False,-6.7115,False,False,-3.423,False,False
headline,1.742,5.0,10.0,7.4151,canfd,fndsa512,0.05438,True,22.383,52.958,30.574,0.0367,-9.3423,False,False,-8.3558,False,False,-6.7115,False,False,-3.423,False,False
headline,1.742,5.0,10.0,7.4151,canfd,mldsa44,0.06807,True,22.342,52.958,30.616,0.0459,-9.3423,False,False,-8.3558,False,False,-6.7115,False,False,-3.423,False,False
headline,1.742,5.0,10.0,7.4151,canfd,slhdsa128f,0.87517,True,19.887,52.958,33.07,0.5901,-9.3423,False,False,-8.3558,False,False,-6.7115,False,False,-3.423,False,False
headline,1.742,5.0,10.0,7.4151,canfd,slhdsa128s,15.99751,False,-26.098,52.958,79.056,10.7872,-9.3423,False,False,-8.3558,False,False,-6.7115,False,False,-3.423,False,False
headline,1.742,5.0,10.0,7.4151,canfd,tesla@0.05,0.06493,True,22.351,52.958,30.607,0.0438,-9.3423,False,False,-8.3558,False,False,-6.7115,False,False,-3.423,False,False
headline,1.742,5.0,10.0,7.4151,canfd,tesla@0.1,0.11493,True,22.199,52.958,30.759,0.0775,-9.3423,False,False,-8.3558,False,False,-6.7115,False,False,-3.423,False,False
headline,1.742,5.0,10.0,7.4151,canfd,tesla@0.5,0.51493,True,20.983,52.958,31.975,0.3472,-9.3423,False,False,-8.3558,False,False,-6.7115,False,False,-3.423,False,False
headline,1.742,5.0,10.0,7.4151,canfd,tesla@1,1.01493,True,19.462,52.958,33.495,0.6844,-9.3423,False,False,-8.3558,False,False,-6.7115,False,False,-3.423,False,False
headline,1.742,5.0,10.0,7.4151,mav921k,mav2,0.00026,True,22.548,52.958,30.41,0.0002,-9.3423,False,False,-8.3558,False,False,-6.7115,False,False,-3.423,False,False
headline,1.742,5.0,10.0,7.4151,mav921k,ed25519,0.00437,True,22.535,52.958,30.422,0.0029,-9.3423,False,False,-8.3558,False,False,-6.7115,False,False,-3.423,False,False
headline,1.742,5.0,10.0,7.4151,mav921k,fndsa512,0.05573,True,22.379,52.958,30.579,0.0376,-9.3423,False,False,-8.3558,False,False,-6.7115,False,False,-3.423,False,False
headline,1.742,5.0,10.0,7.4151,mav921k,mldsa44,0.09374,True,22.264,52.958,30.694,0.0632,-9.3423,False,False,-8.3558,False,False,-6.7115,False,False,-3.423,False,False
headline,1.742,5.0,10.0,7.4151,mav921k,slhdsa128f,inf,False,-inf,52.958,inf,inf,-9.3423,False,False,-8.3558,False,False,-6.7115,False,False,-3.423,False,False
headline,1.742,5.0,10.0,7.4151,mav921k,slhdsa128s,16.79041,False,-28.51,52.958,81.467,11.3218,-9.3423,False,False,-8.3558,False,False,-6.7115,False,False,-3.423,False,False
headline,1.742,5.0,10.0,7.4151,mav921k,tesla@0.05,0.0604,True,22.365,52.958,30.593,0.0407,-9.3423,False,False,-8.3558,False,False,-6.7115,False,False,-3.423,False,False
headline,1.742,5.0,10.0,7.4151,mav921k,tesla@0.1,0.1104,True,22.213,52.958,30.745,0.0744,-9.3423,False,False,-8.3558,False,False,-6.7115,False,False,-3.423,False,False
headline,1.742,5.0,10.0,7.4151,mav921k,tesla@0.5,0.5104,True,20.996,52.958,31.961,0.3442,-9.3423,False,False,-8.3558,False,False,-6.7115,False,False,-3.423,False,False
headline,1.742,5.0,10.0,7.4151,mav921k,tesla@1,1.0104,True,19.476,52.958,33.482,0.6813,-9.3423,False,False,-8.3558,False,False,-6.7115,False,False,-3.423,False,False
secant,2.633,0.178,0.356,0.5812,can,mav2,0.00443,True,0.975,1.584,0.609,0.0014,0.8276,True,True,2.603,True,True,5.562,True,True,11.48,True,True
secant,2.633,0.178,0.356,0.5812,can,ed25519,0.00911,True,0.967,1.584,0.617,0.0028,0.8276,True,True,2.603,True,True,5.562,True,True,11.48,True,True
secant,2.633,0.178,0.356,0.5812,can,fndsa512,0.06684,True,0.869,1.584,0.714,0.0205,0.8276,True,True,2.603,True,True,5.562,True,True,11.48,True,True
secant,2.633,0.178,0.356,0.5812,can,mldsa44,0.11898,True,0.781,1.584,0.803,0.0364,0.8276,True,True,2.603,True,True,5.562,True,True,11.48,True,True
secant,2.633,0.178,0.356,0.5812,can,slhdsa128f,inf,False,-inf,1.584,inf,inf,0.8276,True,False,2.603,True,False,5.562,True,False,11.48,True,False
secant,2.633,0.178,0.356,0.5812,can,slhdsa128s,inf,False,-inf,1.584,inf,inf,0.8276,True,False,2.603,True,False,5.562,True,False,11.48,True,False
secant,2.633,0.178,0.356,0.5812,can,tesla@0.05,0.06459,True,0.873,1.584,0.711,0.0198,0.8276,True,True,2.603,True,True,5.562,True,True,11.48,True,True
secant,2.633,0.178,0.356,0.5812,can,tesla@0.1,0.11459,True,0.788,1.584,0.795,0.0351,0.8276,True,True,2.603,True,True,5.562,True,True,11.48,True,True
secant,2.633,0.178,0.356,0.5812,can,tesla@0.5,0.51459,True,0.113,1.584,1.471,0.1576,0.8276,True,True,2.603,True,True,5.562,True,True,11.48,True,True
secant,2.633,0.178,0.356,0.5812,can,tesla@1,1.01459,False,-0.732,1.584,2.316,0.3107,0.8276,True,False,2.603,True,True,5.562,True,True,11.48,True,True
secant,2.633,0.178,0.356,0.5812,canfd,mav2,0.00493,True,0.974,1.584,0.61,0.0015,0.8276,True,True,2.603,True,True,5.562,True,True,11.48,True,True
secant,2.633,0.178,0.356,0.5812,canfd,ed25519,0.00868,True,0.967,1.584,0.616,0.0027,0.8276,True,True,2.603,True,True,5.562,True,True,11.48,True,True
secant,2.633,0.178,0.356,0.5812,canfd,fndsa512,0.05438,True,0.89,1.584,0.693,0.0167,0.8276,True,True,2.603,True,True,5.562,True,True,11.48,True,True
secant,2.633,0.178,0.356,0.5812,canfd,mldsa44,0.06807,True,0.867,1.584,0.717,0.0208,0.8276,True,True,2.603,True,True,5.562,True,True,11.48,True,True
secant,2.633,0.178,0.356,0.5812,canfd,slhdsa128f,0.87517,False,-0.497,1.584,2.08,0.268,0.8276,True,False,2.603,True,True,5.562,True,True,11.48,True,True
secant,2.633,0.178,0.356,0.5812,canfd,slhdsa128s,15.99751,False,-26.05,1.584,27.633,4.8994,0.8276,True,False,2.603,True,False,5.562,True,False,11.48,True,False
secant,2.633,0.178,0.356,0.5812,canfd,tesla@0.05,0.06493,True,0.872,1.584,0.711,0.0199,0.8276,True,True,2.603,True,True,5.562,True,True,11.48,True,True
secant,2.633,0.178,0.356,0.5812,canfd,tesla@0.1,0.11493,True,0.788,1.584,0.796,0.0352,0.8276,True,True,2.603,True,True,5.562,True,True,11.48,True,True
secant,2.633,0.178,0.356,0.5812,canfd,tesla@0.5,0.51493,True,0.112,1.584,1.472,0.1577,0.8276,True,True,2.603,True,True,5.562,True,True,11.48,True,True
secant,2.633,0.178,0.356,0.5812,canfd,tesla@1,1.01493,False,-0.733,1.584,2.317,0.3108,0.8276,True,False,2.603,True,True,5.562,True,True,11.48,True,True
secant,2.633,0.178,0.356,0.5812,mav921k,mav2,0.00026,True,0.982,1.584,0.602,0.0001,0.8276,True,True,2.603,True,True,5.562,True,True,11.48,True,True
secant,2.633,0.178,0.356,0.5812,mav921k,ed25519,0.00437,True,0.975,1.584,0.609,0.0013,0.8276,True,True,2.603,True,True,5.562,True,True,11.48,True,True
secant,2.633,0.178,0.356,0.5812,mav921k,fndsa512,0.05573,True,0.888,1.584,0.696,0.0171,0.8276,True,True,2.603,True,True,5.562,True,True,11.48,True,True
secant,2.633,0.178,0.356,0.5812,mav921k,mldsa44,0.09374,True,0.824,1.584,0.76,0.0287,0.8276,True,True,2.603,True,True,5.562,True,True,11.48,True,True
secant,2.633,0.178,0.356,0.5812,mav921k,slhdsa128f,inf,False,-inf,1.584,inf,inf,0.8276,True,False,2.603,True,False,5.562,True,False,11.48,True,False
secant,2.633,0.178,0.356,0.5812,mav921k,slhdsa128s,16.79041,False,-27.39,1.584,28.973,5.1422,0.8276,True,False,2.603,True,False,5.562,True,False,11.48,True,False
secant,2.633,0.178,0.356,0.5812,mav921k,tesla@0.05,0.0604,True,0.88,1.584,0.704,0.0185,0.8276,True,True,2.603,True,True,5.562,True,True,11.48,True,True
secant,2.633,0.178,0.356,0.5812,mav921k,tesla@0.1,0.1104,True,0.796,1.584,0.788,0.0338,0.8276,True,True,2.603,True,True,5.562,True,True,11.48,True,True
secant,2.633,0.178,0.356,0.5812,mav921k,tesla@0.5,0.5104,True,0.12,1.584,1.464,0.1563,0.8276,True,True,2.603,True,True,5.562,True,True,11.48,True,True
secant,2.633,0.178,0.356,0.5812,mav921k,tesla@1,1.0104,False,-0.725,1.584,2.309,0.3094,0.8276,True,False,2.603,True,True,5.562,True,True,11.48,True,True
secant,2.633,0.25,0.5,0.8163,can,mav2,0.00443,True,1.372,2.224,0.852,0.0014,0.6836,False,True,2.459,True,True,5.418,True,True,11.336,True,True
secant,2.633,0.25,0.5,0.8163,can,ed25519,0.00911,True,1.364,2.224,0.86,0.0028,0.6836,False,True,2.459,True,True,5.418,True,True,11.336,True,True
secant,2.633,0.25,0.5,0.8163,can,fndsa512,0.06684,True,1.266,2.224,0.958,0.0205,0.6836,False,True,2.459,True,True,5.418,True,True,11.336,True,True
secant,2.633,0.25,0.5,0.8163,can,mldsa44,0.11898,True,1.178,2.224,1.046,0.0364,0.6836,False,True,2.459,True,True,5.418,True,True,11.336,True,True
secant,2.633,0.25,0.5,0.8163,can,slhdsa128f,inf,False,-inf,2.224,inf,inf,0.6836,False,False,2.459,True,False,5.418,True,False,11.336,True,False
secant,2.633,0.25,0.5,0.8163,can,slhdsa128s,inf,False,-inf,2.224,inf,inf,0.6836,False,False,2.459,True,False,5.418,True,False,11.336,True,False
secant,2.633,0.25,0.5,0.8163,can,tesla@0.05,0.06459,True,1.27,2.224,0.954,0.0198,0.6836,False,True,2.459,True,True,5.418,True,True,11.336,True,True
secant,2.633,0.25,0.5,0.8163,can,tesla@0.1,0.11459,True,1.186,2.224,1.039,0.0351,0.6836,False,True,2.459,True,True,5.418,True,True,11.336,True,True
secant,2.633,0.25,0.5,0.8163,can,tesla@0.5,0.51459,True,0.51,2.224,1.714,0.1576,0.6836,False,True,2.459,True,True,5.418,True,True,11.336,True,True
secant,2.633,0.25,0.5,0.8163,can,tesla@1,1.01459,False,-0.335,2.224,2.559,0.3107,0.6836,False,False,2.459,True,True,5.418,True,True,11.336,True,True
secant,2.633,0.25,0.5,0.8163,canfd,mav2,0.00493,True,1.371,2.224,0.853,0.0015,0.6836,False,True,2.459,True,True,5.418,True,True,11.336,True,True
secant,2.633,0.25,0.5,0.8163,canfd,ed25519,0.00868,True,1.365,2.224,0.86,0.0027,0.6836,False,True,2.459,True,True,5.418,True,True,11.336,True,True
secant,2.633,0.25,0.5,0.8163,canfd,fndsa512,0.05438,True,1.287,2.224,0.937,0.0167,0.6836,False,True,2.459,True,True,5.418,True,True,11.336,True,True
secant,2.633,0.25,0.5,0.8163,canfd,mldsa44,0.06807,True,1.264,2.224,0.96,0.0208,0.6836,False,True,2.459,True,True,5.418,True,True,11.336,True,True
secant,2.633,0.25,0.5,0.8163,canfd,slhdsa128f,0.87517,False,-0.099,2.224,2.324,0.268,0.6836,False,False,2.459,True,True,5.418,True,True,11.336,True,True
secant,2.633,0.25,0.5,0.8163,canfd,slhdsa128s,15.99751,False,-25.653,2.224,27.877,4.8994,0.6836,False,False,2.459,True,False,5.418,True,False,11.336,True,False
secant,2.633,0.25,0.5,0.8163,canfd,tesla@0.05,0.06493,True,1.27,2.224,0.955,0.0199,0.6836,False,True,2.459,True,True,5.418,True,True,11.336,True,True
secant,2.633,0.25,0.5,0.8163,canfd,tesla@0.1,0.11493,True,1.185,2.224,1.039,0.0352,0.6836,False,True,2.459,True,True,5.418,True,True,11.336,True,True
secant,2.633,0.25,0.5,0.8163,canfd,tesla@0.5,0.51493,True,0.509,2.224,1.715,0.1577,0.6836,False,True,2.459,True,True,5.418,True,True,11.336,True,True
secant,2.633,0.25,0.5,0.8163,canfd,tesla@1,1.01493,False,-0.336,2.224,2.56,0.3108,0.6836,False,False,2.459,True,True,5.418,True,True,11.336,True,True
secant,2.633,0.25,0.5,0.8163,mav921k,mav2,0.00026,True,1.379,2.224,0.845,0.0001,0.6836,False,True,2.459,True,True,5.418,True,True,11.336,True,True
secant,2.633,0.25,0.5,0.8163,mav921k,ed25519,0.00437,True,1.372,2.224,0.852,0.0013,0.6836,False,True,2.459,True,True,5.418,True,True,11.336,True,True
secant,2.633,0.25,0.5,0.8163,mav921k,fndsa512,0.05573,True,1.285,2.224,0.939,0.0171,0.6836,False,True,2.459,True,True,5.418,True,True,11.336,True,True
secant,2.633,0.25,0.5,0.8163,mav921k,mldsa44,0.09374,True,1.221,2.224,1.003,0.0287,0.6836,False,True,2.459,True,True,5.418,True,True,11.336,True,True
secant,2.633,0.25,0.5,0.8163,mav921k,slhdsa128f,inf,False,-inf,2.224,inf,inf,0.6836,False,False,2.459,True,False,5.418,True,False,11.336,True,False
secant,2.633,0.25,0.5,0.8163,mav921k,slhdsa128s,16.79041,False,-26.992,2.224,29.217,5.1422,0.6836,False,False,2.459,True,False,5.418,True,False,11.336,True,False
secant,2.633,0.25,0.5,0.8163,mav921k,tesla@0.05,0.0604,True,1.277,2.224,0.947,0.0185,0.6836,False,True,2.459,True,True,5.418,True,True,11.336,True,True
secant,2.633,0.25,0.5,0.8163,mav921k,tesla@0.1,0.1104,True,1.193,2.224,1.031,0.0338,0.6836,False,True,2.459,True,True,5.418,True,True,11.336,True,True
secant,2.633,0.25,0.5,0.8163,mav921k,tesla@0.5,0.5104,True,0.517,2.224,1.707,0.1563,0.6836,False,True,2.459,True,True,5.418,True,True,11.336,True,True
secant,2.633,0.25,0.5,0.8163,mav921k,tesla@1,1.0104,False,-0.328,2.224,2.552,0.3094,0.6836,False,False,2.459,True,True,5.418,True,True,11.336,True,True
secant,2.633,1.0,2.0,3.2652,can,mav2,0.00443,True,5.51,8.897,3.387,0.0014,-0.8164,False,False,0.959,False,True,3.918,True,True,9.836,True,True
secant,2.633,1.0,2.0,3.2652,can,ed25519,0.00911,True,5.502,8.897,3.395,0.0028,-0.8164,False,False,0.959,False,True,3.918,True,True,9.836,True,True
secant,2.633,1.0,2.0,3.2652,can,fndsa512,0.06684,True,5.404,8.897,3.492,0.0205,-0.8164,False,False,0.959,False,True,3.918,True,True,9.836,True,True
secant,2.633,1.0,2.0,3.2652,can,mldsa44,0.11898,True,5.316,8.897,3.581,0.0364,-0.8164,False,False,0.959,False,True,3.918,True,True,9.836,True,True
secant,2.633,1.0,2.0,3.2652,can,slhdsa128f,inf,False,-inf,8.897,inf,inf,-0.8164,False,False,0.959,False,False,3.918,True,False,9.836,True,False
secant,2.633,1.0,2.0,3.2652,can,slhdsa128s,inf,False,-inf,8.897,inf,inf,-0.8164,False,False,0.959,False,False,3.918,True,False,9.836,True,False
secant,2.633,1.0,2.0,3.2652,can,tesla@0.05,0.06459,True,5.408,8.897,3.489,0.0198,-0.8164,False,False,0.959,False,True,3.918,True,True,9.836,True,True
secant,2.633,1.0,2.0,3.2652,can,tesla@0.1,0.11459,True,5.324,8.897,3.573,0.0351,-0.8164,False,False,0.959,False,True,3.918,True,True,9.836,True,True
secant,2.633,1.0,2.0,3.2652,can,tesla@0.5,0.51459,True,4.648,8.897,4.249,0.1576,-0.8164,False,False,0.959,False,True,3.918,True,True,9.836,True,True
secant,2.633,1.0,2.0,3.2652,can,tesla@1,1.01459,True,3.803,8.897,5.094,0.3107,-0.8164,False,False,0.959,False,False,3.918,True,True,9.836,True,True
secant,2.633,1.0,2.0,3.2652,canfd,mav2,0.00493,True,5.509,8.897,3.388,0.0015,-0.8164,False,False,0.959,False,True,3.918,True,True,9.836,True,True
secant,2.633,1.0,2.0,3.2652,canfd,ed25519,0.00868,True,5.503,8.897,3.394,0.0027,-0.8164,False,False,0.959,False,True,3.918,True,True,9.836,True,True
secant,2.633,1.0,2.0,3.2652,canfd,fndsa512,0.05438,True,5.425,8.897,3.471,0.0167,-0.8164,False,False,0.959,False,True,3.918,True,True,9.836,True,True
secant,2.633,1.0,2.0,3.2652,canfd,mldsa44,0.06807,True,5.402,8.897,3.495,0.0208,-0.8164,False,False,0.959,False,True,3.918,True,True,9.836,True,True
secant,2.633,1.0,2.0,3.2652,canfd,slhdsa128f,0.87517,True,4.039,8.897,4.858,0.268,-0.8164,False,False,0.959,False,True,3.918,True,True,9.836,True,True
secant,2.633,1.0,2.0,3.2652,canfd,slhdsa128s,15.99751,False,-21.515,8.897,30.411,4.8994,-0.8164,False,False,0.959,False,False,3.918,True,False,9.836,True,False
secant,2.633,1.0,2.0,3.2652,canfd,tesla@0.05,0.06493,True,5.408,8.897,3.489,0.0199,-0.8164,False,False,0.959,False,True,3.918,True,True,9.836,True,True
secant,2.633,1.0,2.0,3.2652,canfd,tesla@0.1,0.11493,True,5.323,8.897,3.574,0.0352,-0.8164,False,False,0.959,False,True,3.918,True,True,9.836,True,True
secant,2.633,1.0,2.0,3.2652,canfd,tesla@0.5,0.51493,True,4.647,8.897,4.25,0.1577,-0.8164,False,False,0.959,False,True,3.918,True,True,9.836,True,True
secant,2.633,1.0,2.0,3.2652,canfd,tesla@1,1.01493,True,3.802,8.897,5.094,0.3108,-0.8164,False,False,0.959,False,False,3.918,True,True,9.836,True,True
secant,2.633,1.0,2.0,3.2652,mav921k,mav2,0.00026,True,5.517,8.897,3.38,0.0001,-0.8164,False,False,0.959,False,True,3.918,True,True,9.836,True,True
secant,2.633,1.0,2.0,3.2652,mav921k,ed25519,0.00437,True,5.51,8.897,3.387,0.0013,-0.8164,False,False,0.959,False,True,3.918,True,True,9.836,True,True
secant,2.633,1.0,2.0,3.2652,mav921k,fndsa512,0.05573,True,5.423,8.897,3.474,0.0171,-0.8164,False,False,0.959,False,True,3.918,True,True,9.836,True,True
secant,2.633,1.0,2.0,3.2652,mav921k,mldsa44,0.09374,True,5.359,8.897,3.538,0.0287,-0.8164,False,False,0.959,False,True,3.918,True,True,9.836,True,True
secant,2.633,1.0,2.0,3.2652,mav921k,slhdsa128f,inf,False,-inf,8.897,inf,inf,-0.8164,False,False,0.959,False,False,3.918,True,False,9.836,True,False
secant,2.633,1.0,2.0,3.2652,mav921k,slhdsa128s,16.79041,False,-22.854,8.897,31.751,5.1422,-0.8164,False,False,0.959,False,False,3.918,True,False,9.836,True,False
secant,2.633,1.0,2.0,3.2652,mav921k,tesla@0.05,0.0604,True,5.415,8.897,3.482,0.0185,-0.8164,False,False,0.959,False,True,3.918,True,True,9.836,True,True
secant,2.633,1.0,2.0,3.2652,mav921k,tesla@0.1,0.1104,True,5.331,8.897,3.566,0.0338,-0.8164,False,False,0.959,False,True,3.918,True,True,9.836,True,True
secant,2.633,1.0,2.0,3.2652,mav921k,tesla@0.5,0.5104,True,4.655,8.897,4.242,0.1563,-0.8164,False,False,0.959,False,True,3.918,True,True,9.836,True,True
secant,2.633,1.0,2.0,3.2652,mav921k,tesla@1,1.0104,True,3.81,8.897,5.087,0.3094,-0.8164,False,False,0.959,False,False,3.918,True,True,9.836,True,True
secant,2.633,5.0,10.0,16.3259,can,mav2,0.00443,True,27.579,44.484,16.905,0.0014,-8.8164,False,False,-7.041,False,False,-4.082,False,False,1.836,False,True
secant,2.633,5.0,10.0,16.3259,can,ed25519,0.00911,True,27.571,44.484,16.913,0.0028,-8.8164,False,False,-7.041,False,False,-4.082,False,False,1.836,False,True
secant,2.633,5.0,10.0,16.3259,can,fndsa512,0.06684,True,27.474,44.484,17.011,0.0205,-8.8164,False,False,-7.041,False,False,-4.082,False,False,1.836,False,True
secant,2.633,5.0,10.0,16.3259,can,mldsa44,0.11898,True,27.386,44.484,17.099,0.0364,-8.8164,False,False,-7.041,False,False,-4.082,False,False,1.836,False,True
secant,2.633,5.0,10.0,16.3259,can,slhdsa128f,inf,False,-inf,44.484,inf,inf,-8.8164,False,False,-7.041,False,False,-4.082,False,False,1.836,False,False
secant,2.633,5.0,10.0,16.3259,can,slhdsa128s,inf,False,-inf,44.484,inf,inf,-8.8164,False,False,-7.041,False,False,-4.082,False,False,1.836,False,False
secant,2.633,5.0,10.0,16.3259,can,tesla@0.05,0.06459,True,27.478,44.484,17.007,0.0198,-8.8164,False,False,-7.041,False,False,-4.082,False,False,1.836,False,True
secant,2.633,5.0,10.0,16.3259,can,tesla@0.1,0.11459,True,27.393,44.484,17.091,0.0351,-8.8164,False,False,-7.041,False,False,-4.082,False,False,1.836,False,True
secant,2.633,5.0,10.0,16.3259,can,tesla@0.5,0.51459,True,26.717,44.484,17.767,0.1576,-8.8164,False,False,-7.041,False,False,-4.082,False,False,1.836,False,True
secant,2.633,5.0,10.0,16.3259,can,tesla@1,1.01459,True,25.872,44.484,18.612,0.3107,-8.8164,False,False,-7.041,False,False,-4.082,False,False,1.836,False,True
secant,2.633,5.0,10.0,16.3259,canfd,mav2,0.00493,True,27.579,44.484,16.906,0.0015,-8.8164,False,False,-7.041,False,False,-4.082,False,False,1.836,False,True
secant,2.633,5.0,10.0,16.3259,canfd,ed25519,0.00868,True,27.572,44.484,16.912,0.0027,-8.8164,False,False,-7.041,False,False,-4.082,False,False,1.836,False,True
secant,2.633,5.0,10.0,16.3259,canfd,fndsa512,0.05438,True,27.495,44.484,16.989,0.0167,-8.8164,False,False,-7.041,False,False,-4.082,False,False,1.836,False,True
secant,2.633,5.0,10.0,16.3259,canfd,mldsa44,0.06807,True,27.472,44.484,17.013,0.0208,-8.8164,False,False,-7.041,False,False,-4.082,False,False,1.836,False,True
secant,2.633,5.0,10.0,16.3259,canfd,slhdsa128f,0.87517,True,26.108,44.484,18.376,0.268,-8.8164,False,False,-7.041,False,False,-4.082,False,False,1.836,False,True
secant,2.633,5.0,10.0,16.3259,canfd,slhdsa128s,15.99751,True,0.555,44.484,43.929,4.8994,-8.8164,False,False,-7.041,False,False,-4.082,False,False,1.836,False,False
secant,2.633,5.0,10.0,16.3259,canfd,tesla@0.05,0.06493,True,27.477,44.484,17.007,0.0199,-8.8164,False,False,-7.041,False,False,-4.082,False,False,1.836,False,True
secant,2.633,5.0,10.0,16.3259,canfd,tesla@0.1,0.11493,True,27.393,44.484,17.092,0.0352,-8.8164,False,False,-7.041,False,False,-4.082,False,False,1.836,False,True
secant,2.633,5.0,10.0,16.3259,canfd,tesla@0.5,0.51493,True,26.717,44.484,17.768,0.1577,-8.8164,False,False,-7.041,False,False,-4.082,False,False,1.836,False,True
secant,2.633,5.0,10.0,16.3259,canfd,tesla@1,1.01493,True,25.872,44.484,18.613,0.3108,-8.8164,False,False,-7.041,False,False,-4.082,False,False,1.836,False,True
secant,2.633,5.0,10.0,16.3259,mav921k,mav2,0.00026,True,27.586,44.484,16.898,0.0001,-8.8164,False,False,-7.041,False,False,-4.082,False,False,1.836,False,True
secant,2.633,5.0,10.0,16.3259,mav921k,ed25519,0.00437,True,27.579,44.484,16.905,0.0013,-8.8164,False,False,-7.041,False,False,-4.082,False,False,1.836,False,True
secant,2.633,5.0,10.0,16.3259,mav921k,fndsa512,0.05573,True,27.493,44.484,16.992,0.0171,-8.8164,False,False,-7.041,False,False,-4.082,False,False,1.836,False,True
secant,2.633,5.0,10.0,16.3259,mav921k,mldsa44,0.09374,True,27.428,44.484,17.056,0.0287,-8.8164,False,False,-7.041,False,False,-4.082,False,False,1.836,False,True
secant,2.633,5.0,10.0,16.3259,mav921k,slhdsa128f,inf,False,-inf,44.484,inf,inf,-8.8164,False,False,-7.041,False,False,-4.082,False,False,1.836,False,False
secant,2.633,5.0,10.0,16.3259,mav921k,slhdsa128s,16.79041,False,-0.785,44.484,45.269,5.1422,-8.8164,False,False,-7.041,False,False,-4.082,False,False,1.836,False,False
secant,2.633,5.0,10.0,16.3259,mav921k,tesla@0.05,0.0604,True,27.485,44.484,17.0,0.0185,-8.8164,False,False,-7.041,False,False,-4.082,False,False,1.836,False,True
secant,2.633,5.0,10.0,16.3259,mav921k,tesla@0.1,0.1104,True,27.4,44.484,17.084,0.0338,-8.8164,False,False,-7.041,False,False,-4.082,False,False,1.836,False,True
secant,2.633,5.0,10.0,16.3259,mav921k,tesla@0.5,0.5104,True,26.724,44.484,17.76,0.1563,-8.8164,False,False,-7.041,False,False,-4.082,False,False,1.836,False,True
secant,2.633,5.0,10.0,16.3259,mav921k,tesla@1,1.0104,True,25.88,44.484,18.605,0.3094,-8.8164,False,False,-7.041,False,False,-4.082,False,False,1.836,False,True
