transport,scheme,tag_bytes,t_sign_ms,t_sign_tail_ms,R_tx_ms,t_verify_ms,t_proto_ms,dauth_ms,dauth_cert_ms,rate_feasible,source_auth,pq
can,mav2,13,0.057,0.057,4.32,0.057,0.0,4.434,4.434,True,False,True
can,ed25519,64,1.033,1.033,5.44,2.636,0.0,9.109,9.109,True,True,False
can,fndsa512,666,46.812,46.812,19.2,0.827,0.0,66.839,66.839,True,True,True
can,mldsa44,2420,4.433,54.243,63.04,1.694,0.0,69.168,118.977,True,True,True
can,slhdsa128f,17088,767.865,767.865,inf,45.674,0.0,inf,inf,False,True,True
can,slhdsa128s,7856,15953.246,15953.246,inf,15.566,0.0,inf,inf,False,True,True
can,tesla@0.05,26,0.057,0.057,4.48,0.057,60.0,64.594,64.594,True,True,True
can,tesla@0.1,26,0.057,0.057,4.48,0.057,110.0,114.594,114.594,True,True,True
can,tesla@0.5,26,0.057,0.057,4.48,0.057,510.0,514.594,514.594,True,True,True
can,tesla@1,26,0.057,0.057,4.48,0.057,1010.0,1014.594,1014.594,True,True,True
canfd,mav2,13,0.057,0.057,4.815,0.057,0.0,4.929,4.929,True,False,True
canfd,ed25519,64,1.033,1.033,5.008,2.636,0.0,8.677,8.677,True,True,False
canfd,fndsa512,666,46.812,46.812,6.741,0.827,0.0,54.38,54.38,True,True,True
canfd,mldsa44,2420,4.433,54.243,12.134,1.694,0.0,18.262,68.071,True,True,True
canfd,slhdsa128f,17088,767.865,767.865,61.632,45.674,0.0,875.171,875.171,True,True,True
canfd,slhdsa128s,7856,15953.246,15953.246,28.697,15.566,0.0,15997.51,15997.51,True,True,True
canfd,tesla@0.05,26,0.057,0.057,4.815,0.057,60.0,64.929,64.929,True,True,True
canfd,tesla@0.1,26,0.057,0.057,4.815,0.057,110.0,114.929,114.929,True,True,True
canfd,tesla@0.5,26,0.057,0.057,4.815,0.057,510.0,514.929,514.929,True,True,True
canfd,tesla@1,26,0.057,0.057,4.815,0.057,1010.0,1014.929,1014.929,True,True,True
mav57k,mav2,13,0.057,0.057,2.309,0.057,0.0,2.423,2.423,True,False,True
mav57k,ed25519,64,1.033,1.033,12.5,2.636,0.0,16.169,16.169,True,True,False
mav57k,fndsa512,666,46.812,46.812,inf,0.827,0.0,inf,inf,False,True,True
mav57k,mldsa44,2420,4.433,54.243,inf,1.694,0.0,inf,inf,False,True,True
mav57k,slhdsa128f,17088,767.865,767.865,inf,45.674,0.0,inf,inf,False,True,True
mav57k,slhdsa128s,7856,15953.246,15953.246,inf,15.566,0.0,inf,inf,False,True,True
mav57k,tesla@0.05,26,0.057,0.057,4.727,0.057,60.0,64.841,64.841,True,True,True
mav57k,tesla@0.1,26,0.057,0.057,4.727,0.057,110.0,114.841,114.841,True,True,True
mav57k,tesla@0.5,26,0.057,0.057,4.727,0.057,510.0,514.841,514.841,True,True,True
mav57k,tesla@1,26,0.057,0.057,4.727,0.057,1010.0,1014.841,1014.841,True,True,True
mav921k,mav2,13,0.057,0.057,0.141,0.057,0.0,0.255,0.255,True,False,True
mav921k,ed25519,64,1.033,1.033,0.699,2.636,0.0,4.368,4.368,True,True,False
mav921k,fndsa512,666,46.812,46.812,8.093,0.827,0.0,55.732,55.732,True,True,True
mav921k,mldsa44,2420,4.433,54.243,37.799,1.694,0.0,43.927,93.736,True,True,True
mav921k,slhdsa128f,17088,767.865,767.865,inf,45.674,0.0,inf,inf,False,True,True
mav921k,slhdsa128s,7856,15953.246,15953.246,821.6,15.566,0.0,16790.412,16790.412,True,True,True
mav921k,tesla@0.05,26,0.057,0.057,0.283,0.057,60.0,60.397,60.397,True,True,True
mav921k,tesla@0.1,26,0.057,0.057,0.283,0.057,110.0,110.397,110.397,True,True,True
mav921k,tesla@0.5,26,0.057,0.057,0.283,0.057,510.0,510.397,510.397,True,True,True
mav921k,tesla@1,26,0.057,0.057,0.283,0.057,1010.0,1010.397,1010.397,True,True,True
