transport,scheme,dauth_cert_ms,theta,delta,delta_u_m,delta_a_m,benefit_tube_m,pays,theta_cross_s
can,mav2,4.43,0.178,0.356,0.329,0.336,-0.023,False,0.259
can,mav2,4.43,0.25,0.5,0.457,0.468,-0.034,False,0.259
can,mav2,4.43,0.5,1.0,0.928,0.588,1.108,True,0.259
can,mav2,4.43,1.0,2.0,2.177,1.671,1.649,True,0.259
can,mav2,4.43,2.0,4.0,5.798,3.373,7.902,True,0.259
can,ed25519,9.11,0.178,0.356,0.329,0.341,-0.038,False,0.26
can,ed25519,9.11,0.25,0.5,0.457,0.469,-0.038,False,0.26
can,ed25519,9.11,0.5,1.0,0.928,0.59,1.1,True,0.26
can,ed25519,9.11,1.0,2.0,2.177,1.677,1.631,True,0.26
can,ed25519,9.11,2.0,4.0,5.798,3.373,7.901,True,0.26
can,fndsa512,66.84,0.178,0.356,0.329,0.395,-0.213,False,0.274
can,fndsa512,66.84,0.25,0.5,0.457,0.485,-0.091,False,0.274
can,fndsa512,66.84,0.5,1.0,0.928,0.619,1.005,True,0.274
can,fndsa512,66.84,1.0,2.0,2.177,1.746,1.406,True,0.274
can,fndsa512,66.84,2.0,4.0,5.798,3.38,7.877,True,0.274
can,mldsa44,118.98,0.178,0.356,0.329,0.443,-0.372,False,0.284
can,mldsa44,118.98,0.25,0.5,0.457,0.499,-0.137,False,0.284
can,mldsa44,118.98,0.5,1.0,0.928,0.647,0.913,True,0.284
can,mldsa44,118.98,1.0,2.0,2.177,1.803,1.219,True,0.284
can,mldsa44,118.98,2.0,4.0,5.798,3.391,7.842,True,0.284
can,tesla@0.05,64.59,0.178,0.356,0.329,0.392,-0.206,False,0.273
can,tesla@0.05,64.59,0.25,0.5,0.457,0.485,-0.089,False,0.273
can,tesla@0.05,64.59,0.5,1.0,0.928,0.618,1.008,True,0.273
can,tesla@0.05,64.59,1.0,2.0,2.177,1.743,1.415,True,0.273
can,tesla@0.05,64.59,2.0,4.0,5.798,3.38,7.878,True,0.273
can,tesla@0.1,114.59,0.178,0.356,0.329,0.439,-0.358,False,0.283
can,tesla@0.1,114.59,0.25,0.5,0.457,0.498,-0.133,False,0.283
can,tesla@0.1,114.59,0.5,1.0,0.928,0.645,0.921,True,0.283
can,tesla@0.1,114.59,1.0,2.0,2.177,1.799,1.232,True,0.283
can,tesla@0.1,114.59,2.0,4.0,5.798,3.39,7.847,True,0.283
can,tesla@0.5,514.59,0.178,0.356,0.329,0.553,-0.73,False,0.999
can,tesla@0.5,514.59,0.25,0.5,0.457,0.593,-0.441,False,0.999
can,tesla@0.5,514.59,0.5,1.0,0.928,1.074,-0.477,False,0.999
can,tesla@0.5,514.59,1.0,2.0,2.177,2.175,0.007,True,0.999
can,tesla@0.5,514.59,2.0,4.0,5.798,3.617,7.106,True,0.999
can,tesla@1,1014.59,0.178,0.356,0.329,0.886,-1.816,False,1.357
can,tesla@1,1014.59,0.25,0.5,0.457,1.074,-2.009,False,1.357
can,tesla@1,1014.59,0.5,1.0,0.928,1.683,-2.463,False,1.357
can,tesla@1,1014.59,1.0,2.0,2.177,2.621,-1.448,False,1.357
can,tesla@1,1014.59,2.0,4.0,5.798,3.797,6.518,True,1.357
canfd,mav2,4.93,0.178,0.356,0.329,0.337,-0.025,False,0.259
canfd,mav2,4.93,0.25,0.5,0.457,0.468,-0.034,False,0.259
canfd,mav2,4.93,0.5,1.0,0.928,0.588,1.107,True,0.259
canfd,mav2,4.93,1.0,2.0,2.177,1.672,1.647,True,0.259
canfd,mav2,4.93,2.0,4.0,5.798,3.373,7.902,True,0.259
canfd,ed25519,8.68,0.178,0.356,0.329,0.34,-0.036,False,0.26
canfd,ed25519,8.68,0.25,0.5,0.457,0.469,-0.038,False,0.26
canfd,ed25519,8.68,0.5,1.0,0.928,0.59,1.101,True,0.26
canfd,ed25519,8.68,1.0,2.0,2.177,1.676,1.632,True,0.26
canfd,ed25519,8.68,2.0,4.0,5.798,3.373,7.901,True,0.26
canfd,fndsa512,54.38,0.178,0.356,0.329,0.383,-0.175,False,0.271
canfd,fndsa512,54.38,0.25,0.5,0.457,0.482,-0.08,False,0.271
canfd,fndsa512,54.38,0.5,1.0,0.928,0.613,1.025,True,0.271
canfd,fndsa512,54.38,1.0,2.0,2.177,1.731,1.454,True,0.271
canfd,fndsa512,54.38,2.0,4.0,5.798,3.379,7.882,True,0.271
canfd,mldsa44,68.07,0.178,0.356,0.329,0.396,-0.217,False,0.274
canfd,mldsa44,68.07,0.25,0.5,0.457,0.486,-0.092,False,0.274
canfd,mldsa44,68.07,0.5,1.0,0.928,0.62,1.003,True,0.274
canfd,mldsa44,68.07,1.0,2.0,2.177,1.747,1.401,True,0.274
canfd,mldsa44,68.07,2.0,4.0,5.798,3.381,7.877,True,0.274
canfd,slhdsa128f,875.17,0.178,0.356,0.329,0.732,-1.312,False,1.306
canfd,slhdsa128f,875.17,0.25,0.5,0.457,0.891,-1.413,False,1.306
canfd,slhdsa128f,875.17,0.5,1.0,0.928,1.529,-1.96,False,1.306
canfd,slhdsa128f,875.17,1.0,2.0,2.177,2.496,-1.038,False,1.306
canfd,slhdsa128f,875.17,2.0,4.0,5.798,3.767,6.616,True,1.306
canfd,slhdsa128s,15997.51,0.178,0.356,0.329,5.503,-16.863,False,none<=5
canfd,slhdsa128s,15997.51,0.25,0.5,0.457,5.503,-16.445,False,none<=5
canfd,slhdsa128s,15997.51,0.5,1.0,0.928,5.503,-14.913,False,none<=5
canfd,slhdsa128s,15997.51,1.0,2.0,2.177,5.503,-10.84,False,none<=5
canfd,slhdsa128s,15997.51,2.0,4.0,5.798,5.503,0.958,True,none<=5
canfd,tesla@0.05,64.93,0.178,0.356,0.329,0.393,-0.207,False,0.273
canfd,tesla@0.05,64.93,0.25,0.5,0.457,0.485,-0.09,False,0.273
canfd,tesla@0.05,64.93,0.5,1.0,0.928,0.618,1.008,True,0.273
canfd,tesla@0.05,64.93,1.0,2.0,2.177,1.743,1.413,True,0.273
canfd,tesla@0.05,64.93,2.0,4.0,5.798,3.38,7.878,True,0.273
canfd,tesla@0.1,114.93,0.178,0.356,0.329,0.439,-0.359,False,0.283
canfd,tesla@0.1,114.93,0.25,0.5,0.457,0.498,-0.133,False,0.283
canfd,tesla@0.1,114.93,0.5,1.0,0.928,0.645,0.921,True,0.283
canfd,tesla@0.1,114.93,1.0,2.0,2.177,1.799,1.231,True,0.283
canfd,tesla@0.1,114.93,2.0,4.0,5.798,3.39,7.846,True,0.283
canfd,tesla@0.5,514.93,0.178,0.356,0.329,0.553,-0.73,False,0.999
canfd,tesla@0.5,514.93,0.25,0.5,0.457,0.593,-0.442,False,0.999
canfd,tesla@0.5,514.93,0.5,1.0,0.928,1.074,-0.478,False,0.999
canfd,tesla@0.5,514.93,1.0,2.0,2.177,2.175,0.006,True,0.999
canfd,tesla@0.5,514.93,2.0,4.0,5.798,3.617,7.105,True,0.999
canfd,tesla@1,1014.93,0.178,0.356,0.329,0.887,-1.817,False,1.357
canfd,tesla@1,1014.93,0.25,0.5,0.457,1.074,-2.01,False,1.357
canfd,tesla@1,1014.93,0.5,1.0,0.928,1.684,-2.464,False,1.357
canfd,tesla@1,1014.93,1.0,2.0,2.177,2.622,-1.449,False,1.357
canfd,tesla@1,1014.93,2.0,4.0,5.798,3.797,6.518,True,1.357
