transport,scheme,beta,attacker_bus_share,frac_of_max,mitigation,attacker,n,p50_ms,p99_ms,max_ms,diverged
can,ed25519,0.2,0.0,0.0,none,insider,2400,14.954,14.954,14.954,False
can,ed25519,0.2,0.0,0.0,prefilter,outsider,2400,15.025,15.025,15.025,False
can,ed25519,0.2,0.0,0.0,prefilter,insider,2400,15.025,15.025,15.025,False
can,ed25519,0.2,0.0,0.0,slot_k,insider,2400,14.954,14.954,14.954,False
can,ed25519,0.2,0.0442,0.05,none,insider,2400,15.131,40.684,58.225,False
can,ed25519,0.2,0.0442,0.05,prefilter,outsider,2400,15.203,15.203,15.203,False
can,ed25519,0.2,0.0442,0.05,prefilter,insider,2400,15.203,40.755,58.297,False
can,ed25519,0.2,0.0442,0.05,slot_k,insider,2400,15.131,25.353,26.35,False
can,ed25519,0.2,0.0885,0.1,none,insider,2400,22.818,110.155,221.954,False
can,ed25519,0.2,0.0885,0.1,prefilter,outsider,2400,15.203,15.203,15.203,False
can,ed25519,0.2,0.0885,0.1,prefilter,insider,2400,22.889,110.297,222.452,False
can,ed25519,0.2,0.0885,0.1,slot_k,insider,2400,15.131,25.483,26.343,False
can,ed25519,0.2,0.177,0.2,none,insider,2400,13084.577,26545.329,27246.798,True
can,ed25519,0.2,0.177,0.2,prefilter,outsider,2400,15.203,15.203,15.203,False
can,ed25519,0.2,0.177,0.2,prefilter,insider,2400,13105.578,26586.477,27289.37,True
can,ed25519,0.2,0.177,0.2,slot_k,insider,2400,15.131,25.477,26.308,False
can,ed25519,0.2,0.2655,0.3,none,insider,2400,32996.842,65449.221,66889.529,True
can,ed25519,0.2,0.2655,0.3,prefilter,outsider,2400,15.203,15.203,15.203,False
can,ed25519,0.2,0.2655,0.3,prefilter,insider,2400,33018.056,65491.651,66932.243,True
can,ed25519,0.2,0.2655,0.3,slot_k,insider,2400,15.131,24.866,26.256,False
can,ed25519,0.2,0.354,0.4,none,insider,2400,52646.395,104957.475,107432.976,True
can,ed25519,0.2,0.354,0.4,prefilter,outsider,2400,15.203,15.203,15.203,False
can,ed25519,0.2,0.354,0.4,prefilter,insider,2400,52667.752,104999.477,107475.69,True
can,ed25519,0.2,0.354,0.4,slot_k,insider,2400,15.131,24.043,25.986,False
can,ed25519,0.2,0.4425,0.5,none,insider,2400,72325.335,144063.044,146107.138,True
can,ed25519,0.2,0.4425,0.5,prefilter,outsider,2400,15.203,15.203,15.203,False
can,ed25519,0.2,0.4425,0.5,prefilter,insider,2400,72346.479,144105.046,146149.852,True
can,ed25519,0.2,0.4425,0.5,slot_k,insider,2400,15.131,23.571,26.355,False
can,ed25519,0.2,0.531,0.6,none,insider,2400,92145.125,182292.664,184630.181,True
can,ed25519,0.2,0.531,0.6,prefilter,outsider,2400,15.203,15.203,15.203,False
can,ed25519,0.2,0.531,0.6,prefilter,insider,2400,92166.624,182335.236,184672.895,True
can,ed25519,0.2,0.531,0.6,slot_k,insider,2400,15.131,21.469,26.018,False
can,ed25519,0.2,0.6195,0.7,none,insider,2400,112403.142,221475.132,224070.945,True
can,ed25519,0.2,0.6195,0.7,prefilter,outsider,2400,15.203,15.203,15.203,False
can,ed25519,0.2,0.6195,0.7,prefilter,insider,2400,112424.428,221517.419,224113.659,True
can,ed25519,0.2,0.6195,0.7,slot_k,insider,2400,15.131,20.436,25.763,False
can,ed25519,0.2,0.708,0.8,none,insider,2400,132097.516,260714.313,264104.884,True
can,ed25519,0.2,0.708,0.8,prefilter,outsider,2400,15.203,15.203,15.203,False
can,ed25519,0.2,0.708,0.8,prefilter,insider,2400,132119.158,260756.458,264147.598,True
can,ed25519,0.2,0.708,0.8,slot_k,insider,2400,15.131,19.411,25.712,False
can,ed25519,0.2,0.7965,0.9,none,insider,2400,151943.209,299575.533,303651.354,True
can,ed25519,0.2,0.7965,0.9,prefilter,outsider,2400,15.203,15.203,15.203,False
can,ed25519,0.2,0.7965,0.9,prefilter,insider,2400,151964.85,299617.677,303694.068,True
can,ed25519,0.2,0.7965,0.9,slot_k,insider,2400,15.131,18.134,26.03,False
can,mldsa44,0.2,0.0,0.0,none,insider,2400,69.917,69.917,69.917,False
can,mldsa44,0.2,0.0,0.0,prefilter,outsider,2400,69.988,69.988,69.988,False
can,mldsa44,0.2,0.0,0.0,prefilter,insider,2400,69.988,69.988,69.988,False
can,mldsa44,0.2,0.0,0.0,slot_k,insider,2400,69.917,69.917,69.917,False
can,mldsa44,0.2,0.0174,0.05,none,insider,2400,70.094,70.094,70.094,False
can,mldsa44,0.2,0.0174,0.05,prefilter,outsider,2400,70.166,70.166,70.166,False
can,mldsa44,0.2,0.0174,0.05,prefilter,insider,2400,70.166,70.166,70.166,False
can,mldsa44,0.2,0.0174,0.05,slot_k,insider,2400,70.094,70.094,70.094,False
can,mldsa44,0.2,0.0347,0.1,none,insider,2400,70.094,70.094,70.094,False
can,mldsa44,0.2,0.0347,0.1,prefilter,outsider,2400,70.166,70.166,70.166,False
can,mldsa44,0.2,0.0347,0.1,prefilter,insider,2400,70.166,70.166,70.166,False
can,mldsa44,0.2,0.0347,0.1,slot_k,insider,2400,70.094,70.094,70.094,False
can,mldsa44,0.2,0.0695,0.2,none,insider,2400,70.094,70.094,70.094,False
can,mldsa44,0.2,0.0695,0.2,prefilter,outsider,2400,70.166,70.166,70.166,False
can,mldsa44,0.2,0.0695,0.2,prefilter,insider,2400,70.166,70.166,70.166,False
can,mldsa44,0.2,0.0695,0.2,slot_k,insider,2400,70.094,70.094,70.094,False
can,mldsa44,0.2,0.1042,0.3,none,insider,2400,70.094,70.094,70.094,False
can,mldsa44,0.2,0.1042,0.3,prefilter,outsider,2400,70.166,70.166,70.166,False
can,mldsa44,0.2,0.1042,0.3,prefilter,insider,2400,70.166,70.166,70.166,False
can,mldsa44,0.2,0.1042,0.3,slot_k,insider,2400,70.094,70.094,70.094,False
can,mldsa44,0.2,0.139,0.4,none,insider,2400,70.094,70.094,70.094,False
can,mldsa44,0.2,0.139,0.4,prefilter,outsider,2400,70.166,70.166,70.166,False
can,mldsa44,0.2,0.139,0.4,prefilter,insider,2400,70.166,70.166,70.166,False
can,mldsa44,0.2,0.139,0.4,slot_k,insider,2400,70.094,70.094,70.094,False
can,mldsa44,0.2,0.1737,0.5,none,insider,2400,70.094,70.094,70.094,False
can,mldsa44,0.2,0.1737,0.5,prefilter,outsider,2400,70.166,70.166,70.166,False
can,mldsa44,0.2,0.1737,0.5,prefilter,insider,2400,70.166,70.166,70.166,False
can,mldsa44,0.2,0.1737,0.5,slot_k,insider,2400,70.094,70.094,70.094,False
can,mldsa44,0.2,0.2084,0.6,none,insider,2400,70.094,70.094,70.094,False
can,mldsa44,0.2,0.2084,0.6,prefilter,outsider,2400,70.166,70.166,70.166,False
can,mldsa44,0.2,0.2084,0.6,prefilter,insider,2400,70.166,70.166,70.166,False
can,mldsa44,0.2,0.2084,0.6,slot_k,insider,2400,70.094,70.094,70.094,False
can,mldsa44,0.2,0.2432,0.7,none,insider,2400,70.094,70.094,70.094,False
can,mldsa44,0.2,0.2432,0.7,prefilter,outsider,2400,70.166,70.166,70.166,False
can,mldsa44,0.2,0.2432,0.7,prefilter,insider,2400,70.166,70.166,70.166,False
can,mldsa44,0.2,0.2432,0.7,slot_k,insider,2400,70.094,70.094,70.094,False
can,mldsa44,0.2,0.2779,0.8,none,insider,2400,70.094,70.094,70.094,False
can,mldsa44,0.2,0.2779,0.8,prefilter,outsider,2400,70.166,70.166,70.166,False
can,mldsa44,0.2,0.2779,0.8,prefilter,insider,2400,70.166,70.166,70.166,False
can,mldsa44,0.2,0.2779,0.8,slot_k,insider,2400,70.094,70.094,70.094,False
can,mldsa44,0.2,0.3126,0.9,none,insider,2400,70.094,70.094,70.094,False
can,mldsa44,0.2,0.3126,0.9,prefilter,outsider,2400,70.166,70.166,70.166,False
can,mldsa44,0.2,0.3126,0.9,prefilter,insider,2400,70.166,70.166,70.166,False
can,mldsa44,0.2,0.3126,0.9,slot_k,insider,2400,70.094,70.094,70.094,False
canfd,ed25519,0.2,0.0,0.0,none,insider,2400,13.605,13.605,13.605,False
canfd,ed25519,0.2,0.0,0.0,prefilter,outsider,2400,13.677,13.677,13.677,False
canfd,ed25519,0.2,0.0,0.0,prefilter,insider,2400,13.677,13.677,13.677,False
canfd,ed25519,0.2,0.0,0.0,slot_k,insider,2400,13.605,13.605,13.605,False
canfd,ed25519,0.2,0.0449,0.05,none,insider,2400,15256.627,30614.736,31815.453,True
canfd,ed25519,0.2,0.0449,0.05,prefilter,outsider,2400,13.89,13.89,13.89,False
canfd,ed25519,0.2,0.0449,0.05,prefilter,insider,2400,15278.188,30657.237,31858.167,True
canfd,ed25519,0.2,0.0449,0.05,slot_k,insider,2400,13.819,25.608,26.353,False
canfd,ed25519,0.2,0.0897,0.1,none,insider,2400,56908.771,113210.556,115482.581,True
canfd,ed25519,0.2,0.0897,0.1,prefilter,outsider,2400,13.89,13.89,13.89,False
canfd,ed25519,0.2,0.0897,0.1,prefilter,insider,2400,56929.772,113252.629,115525.295,True
canfd,ed25519,0.2,0.0897,0.1,slot_k,insider,2400,13.819,24.237,26.28,False
canfd,ed25519,0.2,0.1794,0.2,none,insider,2400,140400.265,277009.431,280536.194,True
canfd,ed25519,0.2,0.1794,0.2,prefilter,outsider,2400,13.89,13.89,13.89,False
canfd,ed25519,0.2,0.1794,0.2,prefilter,insider,2400,140421.765,277051.789,280578.908,True
canfd,ed25519,0.2,0.1794,0.2,slot_k,insider,2400,13.819,20.533,25.045,False
canfd,ed25519,0.2,0.2691,0.3,none,insider,2400,222466.363,441042.441,446436.052,True
canfd,ed25519,0.2,0.2691,0.3,prefilter,outsider,2400,13.89,13.89,13.89,False
canfd,ed25519,0.2,0.2691,0.3,prefilter,insider,2400,222487.792,441084.586,446478.766,True
canfd,ed25519,0.2,0.2691,0.3,slot_k,insider,2400,13.819,18.085,22.489,False
canfd,ed25519,0.2,0.3588,0.4,none,insider,2400,306260.956,604609.221,613908.913,True
canfd,ed25519,0.2,0.3588,0.4,prefilter,outsider,2400,13.89,13.89,13.89,False
canfd,ed25519,0.2,0.3588,0.4,prefilter,insider,2400,306282.384,604651.295,613951.627,True
canfd,ed25519,0.2,0.3588,0.4,slot_k,insider,2400,13.819,16.224,19.895,False
canfd,ed25519,0.2,0.4486,0.5,none,insider,2400,388484.644,767527.209,779185.744,True
canfd,ed25519,0.2,0.4486,0.5,prefilter,outsider,2400,13.89,13.89,13.89,False
canfd,ed25519,0.2,0.4486,0.5,prefilter,insider,2400,388506.144,767569.283,779228.458,True
canfd,ed25519,0.2,0.4486,0.5,slot_k,insider,2400,13.819,15.727,18.026,False
canfd,ed25519,0.2,0.5383,0.6,none,insider,2400,471435.725,932639.168,946136.281,True
canfd,ed25519,0.2,0.5383,0.6,prefilter,outsider,2400,13.89,13.89,13.89,False
canfd,ed25519,0.2,0.5383,0.6,prefilter,insider,2400,471457.154,932681.455,946178.995,True
canfd,ed25519,0.2,0.5383,0.6,slot_k,insider,2400,13.819,15.203,17.815,False
canfd,ed25519,0.2,0.628,0.7,none,insider,2400,554393.841,1097887.315,1114530.776,True
canfd,ed25519,0.2,0.628,0.7,prefilter,outsider,2400,13.89,13.89,13.89,False
canfd,ed25519,0.2,0.628,0.7,prefilter,insider,2400,554415.34,1097929.744,1114573.49,True
canfd,ed25519,0.2,0.628,0.7,slot_k,insider,2400,13.819,14.743,17.639,False
canfd,ed25519,0.2,0.7177,0.8,none,insider,2400,637216.627,1262772.763,1281257.448,True
canfd,ed25519,0.2,0.7177,0.8,prefilter,outsider,2400,13.89,13.89,13.89,False
canfd,ed25519,0.2,0.7177,0.8,prefilter,insider,2400,637237.984,1262814.836,1281300.162,True
canfd,ed25519,0.2,0.7177,0.8,slot_k,insider,2400,13.819,14.482,16.621,False
canfd,ed25519,0.2,0.8074,0.9,none,insider,2400,720039.507,1426104.975,1446521.387,True
canfd,ed25519,0.2,0.8074,0.9,prefilter,outsider,2400,13.89,13.89,13.89,False
canfd,ed25519,0.2,0.8074,0.9,prefilter,insider,2400,720060.864,1426147.119,1446564.101,True
canfd,ed25519,0.2,0.8074,0.9,slot_k,insider,2400,13.819,14.231,15.454,False
canfd,mldsa44,0.2,0.0,0.0,none,insider,2400,16.809,16.809,16.809,False
canfd,mldsa44,0.2,0.0,0.0,prefilter,outsider,2400,16.88,16.88,16.88,False
canfd,mldsa44,0.2,0.0,0.0,prefilter,insider,2400,16.88,16.88,16.88,False
canfd,mldsa44,0.2,0.0,0.0,slot_k,insider,2400,16.809,16.809,16.809,False
canfd,mldsa44,0.2,0.0413,0.05,none,insider,2400,17.023,17.023,17.023,False
canfd,mldsa44,0.2,0.0413,0.05,prefilter,outsider,2400,17.094,17.094,17.094,False
canfd,mldsa44,0.2,0.0413,0.05,prefilter,insider,2400,17.094,17.094,17.094,False
canfd,mldsa44,0.2,0.0413,0.05,slot_k,insider,2400,17.023,17.023,17.023,False
canfd,mldsa44,0.2,0.0826,0.1,none,insider,2400,17.023,17.023,17.023,False
canfd,mldsa44,0.2,0.0826,0.1,prefilter,outsider,2400,17.094,17.094,17.094,False
canfd,mldsa44,0.2,0.0826,0.1,prefilter,insider,2400,17.094,17.094,17.094,False
canfd,mldsa44,0.2,0.0826,0.1,slot_k,insider,2400,17.023,17.023,17.023,False
canfd,mldsa44,0.2,0.1652,0.2,none,insider,2400,17.023,17.023,17.023,False
canfd,mldsa44,0.2,0.1652,0.2,prefilter,outsider,2400,17.094,17.094,17.094,False
canfd,mldsa44,0.2,0.1652,0.2,prefilter,insider,2400,17.094,17.094,17.094,False
canfd,mldsa44,0.2,0.1652,0.2,slot_k,insider,2400,17.023,17.023,17.023,False
canfd,mldsa44,0.2,0.2478,0.3,none,insider,2400,17.023,17.023,18.69,False
canfd,mldsa44,0.2,0.2478,0.3,prefilter,outsider,2400,17.094,17.094,17.094,False
canfd,mldsa44,0.2,0.2478,0.3,prefilter,insider,2400,17.094,17.094,18.833,False
canfd,mldsa44,0.2,0.2478,0.3,slot_k,insider,2400,17.023,17.023,17.023,False
canfd,mldsa44,0.2,0.3303,0.4,none,insider,2400,17.023,17.023,18.69,False
canfd,mldsa44,0.2,0.3303,0.4,prefilter,outsider,2400,17.094,17.094,17.094,False
canfd,mldsa44,0.2,0.3303,0.4,prefilter,insider,2400,17.094,17.094,18.833,False
canfd,mldsa44,0.2,0.3303,0.4,slot_k,insider,2400,17.023,17.023,17.023,False
canfd,mldsa44,0.2,0.4129,0.5,none,insider,2400,17.023,17.089,18.69,False
canfd,mldsa44,0.2,0.4129,0.5,prefilter,outsider,2400,17.094,17.094,17.094,False
canfd,mldsa44,0.2,0.4129,0.5,prefilter,insider,2400,17.094,17.161,18.833,False
canfd,mldsa44,0.2,0.4129,0.5,slot_k,insider,2400,17.023,17.023,17.023,False
canfd,mldsa44,0.2,0.4955,0.6,none,insider,2400,17.023,18.69,22.025,False
canfd,mldsa44,0.2,0.4955,0.6,prefilter,outsider,2400,17.094,17.094,17.094,False
canfd,mldsa44,0.2,0.4955,0.6,prefilter,insider,2400,17.094,18.833,22.31,False
canfd,mldsa44,0.2,0.4955,0.6,slot_k,insider,2400,17.023,17.023,17.023,False
canfd,mldsa44,0.2,0.5781,0.7,none,insider,2400,17.023,20.358,23.693,False
canfd,mldsa44,0.2,0.5781,0.7,prefilter,outsider,2400,17.094,17.094,17.094,False
canfd,mldsa44,0.2,0.5781,0.7,prefilter,insider,2400,17.094,20.571,24.048,False
canfd,mldsa44,0.2,0.5781,0.7,slot_k,insider,2400,17.023,17.023,17.023,False
canfd,mldsa44,0.2,0.6607,0.8,none,insider,2400,17.023,22.025,27.027,False
canfd,mldsa44,0.2,0.6607,0.8,prefilter,outsider,2400,17.094,17.094,17.094,False
canfd,mldsa44,0.2,0.6607,0.8,prefilter,insider,2400,17.094,22.31,27.526,False
canfd,mldsa44,0.2,0.6607,0.8,slot_k,insider,2400,17.023,17.023,17.023,False
canfd,mldsa44,0.2,0.7433,0.9,none,insider,2400,17.023,32.029,38.699,False
canfd,mldsa44,0.2,0.7433,0.9,prefilter,outsider,2400,17.094,17.094,17.094,False
canfd,mldsa44,0.2,0.7433,0.9,prefilter,insider,2400,17.094,32.741,39.696,False
canfd,mldsa44,0.2,0.7433,0.9,slot_k,insider,2400,17.023,17.023,17.023,False
