transport,scheme,n_frames,t_verify_ms,bus_ms,rho_iv,beta,attacker_bus_max,bus_share_to_saturate_cpu,cpu_bound
can,mav2,3,0.057,0.48,0.1187,0.05,0.8962,0.4166,True
can,mav2,3,0.057,0.48,0.1187,0.2,0.8962,1.6808,False
can,mav2,3,0.057,0.48,0.1187,1.0,0.8962,8.4233,False
can,ed25519,10,2.636,1.6,1.6472,0.05,0.885,0.0144,True
can,ed25519,10,2.636,1.6,1.6472,0.2,0.885,0.1054,True
can,ed25519,10,2.636,1.6,1.6472,1.0,0.885,0.5911,True
can,fndsa512,96,0.827,15.36,0.0538,0.05,0.7474,0.7751,False
can,fndsa512,96,0.827,15.36,0.0538,0.2,0.7474,3.5611,False
can,fndsa512,96,0.827,15.36,0.0538,1.0,0.7474,18.4201,False
can,mldsa44,346,1.694,55.36,0.0306,0.05,0.3474,1.08,False
can,mldsa44,346,1.694,55.36,0.0306,0.2,0.3474,5.9806,False
can,mldsa44,346,1.694,55.36,0.0306,1.0,0.3474,32.1176,False
can,slhdsa128s,1123,15.566,179.68,0.0866,0.05,-0.8958,-1.2197,True
can,slhdsa128s,1123,15.566,179.68,0.0866,0.2,-0.8958,0.5118,False
can,slhdsa128s,1123,15.566,179.68,0.0866,1.0,-0.8958,9.7461,False
canfd,mav2,1,0.057,0.193,0.2957,0.05,0.8991,0.1672,True
canfd,mav2,1,0.057,0.193,0.2957,0.2,0.8991,0.6744,True
canfd,mav2,1,0.057,0.193,0.2957,1.0,0.8991,3.3799,False
canfd,ed25519,2,2.636,0.385,6.8421,0.05,0.8971,0.0035,True
canfd,ed25519,2,2.636,0.385,6.8421,0.2,0.8971,0.0254,True
canfd,ed25519,2,2.636,0.385,6.8421,1.0,0.8971,0.1423,True
canfd,fndsa512,11,0.827,2.119,0.3903,0.05,0.8798,0.1069,True
canfd,fndsa512,11,0.827,2.119,0.3903,0.2,0.8798,0.4912,True
canfd,fndsa512,11,0.827,2.119,0.3903,1.0,0.8798,2.5407,False
canfd,mldsa44,39,1.694,7.511,0.2256,0.05,0.8259,0.1465,True
canfd,mldsa44,39,1.694,7.511,0.2256,0.2,0.8259,0.8115,True
canfd,mldsa44,39,1.694,7.511,0.2256,1.0,0.8259,4.3578,False
canfd,slhdsa128s,125,15.566,24.075,0.6466,0.05,0.6602,-0.1634,True
canfd,slhdsa128s,125,15.566,24.075,0.6466,0.2,0.6602,0.0686,True
canfd,slhdsa128s,125,15.566,24.075,0.6466,1.0,0.6602,1.3059,False
