gamma,regime,adversary,pq_required,transport,theta,m,n_feasible,choice,k,mitigation,dauth_ms,rho_m,rho_unauth_m
headline,delay,outsider,False,can,0.178,2.0,11,none,1,-,0.0,1.885,1.885
headline,delay,outsider,False,can,0.178,5.0,25,none,1,-,0.0,1.885,1.885
headline,delay,outsider,False,can,0.178,10.0,32,none,1,-,0.0,1.885,1.885
headline,delay,outsider,False,can,0.178,20.0,39,none,1,-,0.0,1.885,1.885
headline,delay,outsider,False,can,0.25,2.0,8,mav2,1,none,4.43,1.534,2.648
headline,delay,outsider,False,can,0.25,5.0,25,none,1,-,0.0,2.648,2.648
headline,delay,outsider,False,can,0.25,10.0,32,none,1,-,0.0,2.648,2.648
headline,delay,outsider,False,can,0.25,20.0,39,none,1,-,0.0,2.648,2.648
headline,delay,outsider,False,can,0.5,2.0,0,INFEASIBLE,,,,,5.296
headline,delay,outsider,False,can,0.5,5.0,17,mav2,1,none,4.43,3.054,5.296
headline,delay,outsider,False,can,0.5,10.0,32,none,1,-,0.0,5.296,5.296
headline,delay,outsider,False,can,0.5,20.0,39,none,1,-,0.0,5.296,5.296
headline,delay,outsider,False,can,1.0,2.0,0,INFEASIBLE,,,,,10.592
headline,delay,outsider,False,can,1.0,5.0,0,INFEASIBLE,,,,,10.592
headline,delay,outsider,False,can,1.0,10.0,24,mav2,1,none,4.43,6.095,10.592
headline,delay,outsider,False,can,1.0,20.0,39,none,1,-,0.0,10.592,10.592
headline,delay,outsider,False,canfd,0.178,2.0,7,none,1,-,0.0,1.885,1.885
headline,delay,outsider,False,canfd,0.178,5.0,15,none,1,-,0.0,1.885,1.885
headline,delay,outsider,False,canfd,0.178,10.0,19,none,1,-,0.0,1.885,1.885
headline,delay,outsider,False,canfd,0.178,20.0,23,none,1,-,0.0,1.885,1.885
headline,delay,outsider,False,canfd,0.25,2.0,5,mav2,1,slot_k,4.93,1.535,2.648
headline,delay,outsider,False,canfd,0.25,5.0,15,none,1,-,0.0,2.648,2.648
headline,delay,outsider,False,canfd,0.25,10.0,19,none,1,-,0.0,2.648,2.648
headline,delay,outsider,False,canfd,0.25,20.0,23,none,1,-,0.0,2.648,2.648
headline,delay,outsider,False,canfd,0.5,2.0,0,INFEASIBLE,,,,,5.296
headline,delay,outsider,False,canfd,0.5,5.0,10,mav2,1,slot_k,4.93,3.056,5.296
headline,delay,outsider,False,canfd,0.5,10.0,19,none,1,-,0.0,5.296,5.296
headline,delay,outsider,False,canfd,0.5,20.0,23,none,1,-,0.0,5.296,5.296
headline,delay,outsider,False,canfd,1.0,2.0,0,INFEASIBLE,,,,,10.592
headline,delay,outsider,False,canfd,1.0,5.0,0,INFEASIBLE,,,,,10.592
headline,delay,outsider,False,canfd,1.0,10.0,14,mav2,8,slot_k,705.12,8.226,10.592
headline,delay,outsider,False,canfd,1.0,20.0,23,none,1,-,0.0,10.592,10.592
headline,delay,outsider,True,can,0.178,2.0,9,none,1,-,0.0,1.885,1.885
headline,delay,outsider,True,can,0.178,5.0,21,none,1,-,0.0,1.885,1.885
headline,delay,outsider,True,can,0.178,10.0,27,none,1,-,0.0,1.885,1.885
headline,delay,outsider,True,can,0.178,20.0,33,none,1,-,0.0,1.885,1.885
headline,delay,outsider,True,can,0.25,2.0,6,mav2,1,none,4.43,1.534,2.648
headline,delay,outsider,True,can,0.25,5.0,21,none,1,-,0.0,2.648,2.648
headline,delay,outsider,True,can,0.25,10.0,27,none,1,-,0.0,2.648,2.648
headline,delay,outsider,True,can,0.25,20.0,33,none,1,-,0.0,2.648,2.648
headline,delay,outsider,True,can,0.5,2.0,0,INFEASIBLE,,,,,5.296
headline,delay,outsider,True,can,0.5,5.0,14,mav2,1,none,4.43,3.054,5.296
headline,delay,outsider,True,can,0.5,10.0,27,none,1,-,0.0,5.296,5.296
headline,delay,outsider,True,can,0.5,20.0,33,none,1,-,0.0,5.296,5.296
headline,delay,outsider,True,can,1.0,2.0,0,INFEASIBLE,,,,,10.592
headline,delay,outsider,True,can,1.0,5.0,0,INFEASIBLE,,,,,10.592
headline,delay,outsider,True,can,1.0,10.0,20,mav2,1,none,4.43,6.095,10.592
headline,delay,outsider,True,can,1.0,20.0,33,none,1,-,0.0,10.592,10.592
headline,delay,outsider,True,canfd,0.178,2.0,5,none,1,-,0.0,1.885,1.885
headline,delay,outsider,True,canfd,0.178,5.0,11,none,1,-,0.0,1.885,1.885
headline,delay,outsider,True,canfd,0.178,10.0,14,none,1,-,0.0,1.885,1.885
headline,delay,outsider,True,canfd,0.178,20.0,17,none,1,-,0.0,1.885,1.885
headline,delay,outsider,True,canfd,0.25,2.0,3,mav2,1,slot_k,4.93,1.535,2.648
headline,delay,outsider,True,canfd,0.25,5.0,11,none,1,-,0.0,2.648,2.648
headline,delay,outsider,True,canfd,0.25,10.0,14,none,1,-,0.0,2.648,2.648
headline,delay,outsider,True,canfd,0.25,20.0,17,none,1,-,0.0,2.648,2.648
headline,delay,outsider,True,canfd,0.5,2.0,0,INFEASIBLE,,,,,5.296
headline,delay,outsider,True,canfd,0.5,5.0,7,mav2,1,slot_k,4.93,3.056,5.296
headline,delay,outsider,True,canfd,0.5,10.0,14,none,1,-,0.0,5.296,5.296
headline,delay,outsider,True,canfd,0.5,20.0,17,none,1,-,0.0,5.296,5.296
headline,delay,outsider,True,canfd,1.0,2.0,0,INFEASIBLE,,,,,10.592
headline,delay,outsider,True,canfd,1.0,5.0,0,INFEASIBLE,,,,,10.592
headline,delay,outsider,True,canfd,1.0,10.0,10,mav2,8,slot_k,705.12,8.226,10.592
headline,delay,outsider,True,canfd,1.0,20.0,17,none,1,-,0.0,10.592,10.592
headline,delay,insider,False,can,0.178,2.0,7,none,1,-,0.0,1.885,1.885
headline,delay,insider,False,can,0.178,5.0,17,none,1,-,0.0,1.885,1.885
headline,delay,insider,False,can,0.178,10.0,22,none,1,-,0.0,1.885,1.885
headline,delay,insider,False,can,0.178,20.0,27,none,1,-,0.0,1.885,1.885
headline,delay,insider,False,can,0.25,2.0,4,ed25519,2,slot_k,109.59,1.854,2.648
headline,delay,insider,False,can,0.25,5.0,17,none,1,-,0.0,2.648,2.648
headline,delay,insider,False,can,0.25,10.0,22,none,1,-,0.0,2.648,2.648
headline,delay,insider,False,can,0.25,20.0,27,none,1,-,0.0,2.648,2.648
headline,delay,insider,False,can,0.5,2.0,0,INFEASIBLE,,,,,5.296
headline,delay,insider,False,can,0.5,5.0,11,ed25519,4,slot_k,309.91,3.983,5.296
headline,delay,insider,False,can,0.5,10.0,22,none,1,-,0.0,5.296,5.296
headline,delay,insider,False,can,0.5,20.0,27,none,1,-,0.0,5.296,5.296
headline,delay,insider,False,can,1.0,2.0,0,INFEASIBLE,,,,,10.592
headline,delay,insider,False,can,1.0,5.0,0,INFEASIBLE,,,,,10.592
headline,delay,insider,False,can,1.0,10.0,16,ed25519,8,slot_k,710.39,8.242,10.592
headline,delay,insider,False,can,1.0,20.0,27,none,1,-,0.0,10.592,10.592
headline,delay,insider,False,canfd,0.178,2.0,5,none,1,-,0.0,1.885,1.885
headline,delay,insider,False,canfd,0.178,5.0,11,none,1,-,0.0,1.885,1.885
headline,delay,insider,False,canfd,0.178,10.0,14,none,1,-,0.0,1.885,1.885
headline,delay,insider,False,canfd,0.178,20.0,17,none,1,-,0.0,1.885,1.885
headline,delay,insider,False,canfd,0.25,2.0,3,ed25519,2,slot_k,108.87,1.852,2.648
headline,delay,insider,False,canfd,0.25,5.0,11,none,1,-,0.0,2.648,2.648
headline,delay,insider,False,canfd,0.25,10.0,14,none,1,-,0.0,2.648,2.648
headline,delay,insider,False,canfd,0.25,20.0,17,none,1,-,0.0,2.648,2.648
headline,delay,insider,False,canfd,0.5,2.0,0,INFEASIBLE,,,,,5.296
headline,delay,insider,False,canfd,0.5,5.0,7,ed25519,4,slot_k,308.87,3.98,5.296
headline,delay,insider,False,canfd,0.5,10.0,14,none,1,-,0.0,5.296,5.296
headline,delay,insider,False,canfd,0.5,20.0,17,none,1,-,0.0,5.296,5.296
headline,delay,insider,False,canfd,1.0,2.0,0,INFEASIBLE,,,,,10.592
headline,delay,insider,False,canfd,1.0,5.0,0,INFEASIBLE,,,,,10.592
headline,delay,insider,False,canfd,1.0,10.0,10,ed25519,8,slot_k,708.87,8.237,10.592
headline,delay,insider,False,canfd,1.0,20.0,17,none,1,-,0.0,10.592,10.592
headline,delay,insider,True,can,0.178,2.0,5,none,1,-,0.0,1.885,1.885
headline,delay,insider,True,can,0.178,5.0,13,none,1,-,0.0,1.885,1.885
headline,delay,insider,True,can,0.178,10.0,17,none,1,-,0.0,1.885,1.885
headline,delay,insider,True,can,0.178,20.0,21,none,1,-,0.0,1.885,1.885
headline,delay,insider,True,can,0.25,2.0,2,mldsa44,1,none,118.98,1.882,2.648
headline,delay,insider,True,can,0.25,5.0,13,none,1,-,0.0,2.648,2.648
headline,delay,insider,True,can,0.25,10.0,17,none,1,-,0.0,2.648,2.648
headline,delay,insider,True,can,0.25,20.0,21,none,1,-,0.0,2.648,2.648
headline,delay,insider,True,can,0.5,2.0,0,INFEASIBLE,,,,,5.296
headline,delay,insider,True,can,0.5,5.0,8,mldsa44,4,none,419.78,4.317,5.296
headline,delay,insider,True,can,0.5,10.0,17,none,1,-,0.0,5.296,5.296
headline,delay,insider,True,can,0.5,20.0,21,none,1,-,0.0,5.296,5.296
headline,delay,insider,True,can,1.0,2.0,0,INFEASIBLE,,,,,10.592
headline,delay,insider,True,can,1.0,5.0,0,INFEASIBLE,,,,,10.592
headline,delay,insider,True,can,1.0,10.0,12,mldsa44,8,none,820.26,8.576,10.592
headline,delay,insider,True,can,1.0,20.0,21,none,1,-,0.0,10.592,10.592
headline,delay,insider,True,canfd,0.178,2.0,3,none,1,-,0.0,1.885,1.885
headline,delay,insider,True,canfd,0.178,5.0,7,none,1,-,0.0,1.885,1.885
headline,delay,insider,True,canfd,0.178,10.0,9,none,1,-,0.0,1.885,1.885
headline,delay,insider,True,canfd,0.178,20.0,11,none,1,-,0.0,1.885,1.885
headline,delay,insider,True,canfd,0.25,2.0,1,mldsa44,1,slot_k,68.07,1.727,2.648
headline,delay,insider,True,canfd,0.25,5.0,7,none,1,-,0.0,2.648,2.648
headline,delay,insider,True,canfd,0.25,10.0,9,none,1,-,0.0,2.648,2.648
headline,delay,insider,True,canfd,0.25,20.0,11,none,1,-,0.0,2.648,2.648
headline,delay,insider,True,canfd,0.5,2.0,0,INFEASIBLE,,,,,5.296
headline,delay,insider,True,canfd,0.5,5.0,4,mldsa44,4,slot_k,368.26,4.161,5.296
headline,delay,insider,True,canfd,0.5,10.0,9,none,1,-,0.0,5.296,5.296
headline,delay,insider,True,canfd,0.5,20.0,11,none,1,-,0.0,5.296,5.296
headline,delay,insider,True,canfd,1.0,2.0,0,INFEASIBLE,,,,,10.592
headline,delay,insider,True,canfd,1.0,5.0,0,INFEASIBLE,,,,,10.592
headline,delay,insider,True,canfd,1.0,10.0,6,mldsa44,8,slot_k,768.26,8.418,10.592
headline,delay,insider,True,canfd,1.0,20.0,11,none,1,-,0.0,10.592,10.592
headline,denial,outsider,False,can,0.178,2.0,10,mav2,1,none,4.43,1.096,1.885
headline,denial,outsider,False,can,0.178,5.0,24,mav2,1,none,4.43,1.096,1.885
headline,denial,outsider,False,can,0.178,10.0,31,mav2,1,none,4.43,1.096,1.885
headline,denial,outsider,False,can,0.178,20.0,38,mav2,1,none,4.43,1.096,1.885
headline,denial,outsider,False,can,0.25,2.0,8,mav2,1,none,4.43,1.534,2.648
headline,denial,outsider,False,can,0.25,5.0,24,mav2,1,none,4.43,1.534,2.648
headline,denial,outsider,False,can,0.25,10.0,31,mav2,1,none,4.43,1.534,2.648
headline,denial,outsider,False,can,0.25,20.0,38,mav2,1,none,4.43,1.534,2.648
headline,denial,outsider,False,can,0.5,2.0,0,INFEASIBLE,,,,,5.296
headline,denial,outsider,False,can,0.5,5.0,17,mav2,1,none,4.43,3.054,5.296
headline,denial,outsider,False,can,0.5,10.0,31,mav2,1,none,4.43,3.054,5.296
headline,denial,outsider,False,can,0.5,20.0,38,mav2,1,none,4.43,3.054,5.296
headline,denial,outsider,False,can,1.0,2.0,0,INFEASIBLE,,,,,10.592
headline,denial,outsider,False,can,1.0,5.0,0,INFEASIBLE,,,,,10.592
headline,denial,outsider,False,can,1.0,10.0,24,mav2,1,none,4.43,6.095,10.592
headline,denial,outsider,False,can,1.0,20.0,38,mav2,1,none,4.43,6.095,10.592
headline,denial,outsider,False,canfd,0.178,2.0,6,mav2,1,slot_k,4.93,1.098,1.885
headline,denial,outsider,False,canfd,0.178,5.0,14,mav2,8,slot_k,705.12,3.227,1.885
headline,denial,outsider,False,canfd,0.178,10.0,18,mav2,8,slot_k,705.12,3.227,1.885
headline,denial,outsider,False,canfd,0.178,20.0,22,mav2,8,slot_k,705.12,3.227,1.885
headline,denial,outsider,False,canfd,0.25,2.0,5,mav2,1,slot_k,4.93,1.535,2.648
headline,denial,outsider,False,canfd,0.25,5.0,14,mav2,8,slot_k,705.12,3.665,2.648
headline,denial,outsider,False,canfd,0.25,10.0,18,mav2,8,slot_k,705.12,3.665,2.648
headline,denial,outsider,False,canfd,0.25,20.0,22,mav2,8,slot_k,705.12,3.665,2.648
headline,denial,outsider,False,canfd,0.5,2.0,0,INFEASIBLE,,,,,5.296
headline,denial,outsider,False,canfd,0.5,5.0,10,mav2,1,slot_k,4.93,3.056,5.296
headline,denial,outsider,False,canfd,0.5,10.0,18,mav2,8,slot_k,705.12,5.185,5.296
headline,denial,outsider,False,canfd,0.5,20.0,22,mav2,8,slot_k,705.12,5.185,5.296
headline,denial,outsider,False,canfd,1.0,2.0,0,INFEASIBLE,,,,,10.592
headline,denial,outsider,False,canfd,1.0,5.0,0,INFEASIBLE,,,,,10.592
headline,denial,outsider,False,canfd,1.0,10.0,14,mav2,8,slot_k,705.12,8.226,10.592
headline,denial,outsider,False,canfd,1.0,20.0,22,mav2,8,slot_k,705.12,8.226,10.592
headline,denial,outsider,True,can,0.178,2.0,8,mav2,1,none,4.43,1.096,1.885
headline,denial,outsider,True,can,0.178,5.0,20,mav2,1,none,4.43,1.096,1.885
headline,denial,outsider,True,can,0.178,10.0,26,mav2,1,none,4.43,1.096,1.885
headline,denial,outsider,True,can,0.178,20.0,32,mav2,1,none,4.43,1.096,1.885
headline,denial,outsider,True,can,0.25,2.0,6,mav2,1,none,4.43,1.534,2.648
headline,denial,outsider,True,can,0.25,5.0,20,mav2,1,none,4.43,1.534,2.648
headline,denial,outsider,True,can,0.25,10.0,26,mav2,1,none,4.43,1.534,2.648
headline,denial,outsider,True,can,0.25,20.0,32,mav2,1,none,4.43,1.534,2.648
headline,denial,outsider,True,can,0.5,2.0,0,INFEASIBLE,,,,,5.296
headline,denial,outsider,True,can,0.5,5.0,14,mav2,1,none,4.43,3.054,5.296
headline,denial,outsider,True,can,0.5,10.0,26,mav2,1,none,4.43,3.054,5.296
headline,denial,outsider,True,can,0.5,20.0,32,mav2,1,none,4.43,3.054,5.296
headline,denial,outsider,True,can,1.0,2.0,0,INFEASIBLE,,,,,10.592
headline,denial,outsider,True,can,1.0,5.0,0,INFEASIBLE,,,,,10.592
headline,denial,outsider,True,can,1.0,10.0,20,mav2,1,none,4.43,6.095,10.592
headline,denial,outsider,True,can,1.0,20.0,32,mav2,1,none,4.43,6.095,10.592
headline,denial,outsider,True,canfd,0.178,2.0,4,mav2,1,slot_k,4.93,1.098,1.885
headline,denial,outsider,True,canfd,0.178,5.0,10,mav2,8,slot_k,705.12,3.227,1.885
headline,denial,outsider,True,canfd,0.178,10.0,13,mav2,8,slot_k,705.12,3.227,1.885
headline,denial,outsider,True,canfd,0.178,20.0,16,mav2,8,slot_k,705.12,3.227,1.885
headline,denial,outsider,True,canfd,0.25,2.0,3,mav2,1,slot_k,4.93,1.535,2.648
headline,denial,outsider,True,canfd,0.25,5.0,10,mav2,8,slot_k,705.12,3.665,2.648
headline,denial,outsider,True,canfd,0.25,10.0,13,mav2,8,slot_k,705.12,3.665,2.648
headline,denial,outsider,True,canfd,0.25,20.0,16,mav2,8,slot_k,705.12,3.665,2.648
headline,denial,outsider,True,canfd,0.5,2.0,0,INFEASIBLE,,,,,5.296
headline,denial,outsider,True,canfd,0.5,5.0,7,mav2,1,slot_k,4.93,3.056,5.296
headline,denial,outsider,True,canfd,0.5,10.0,13,mav2,8,slot_k,705.12,5.185,5.296
headline,denial,outsider,True,canfd,0.5,20.0,16,mav2,8,slot_k,705.12,5.185,5.296
headline,denial,outsider,True,canfd,1.0,2.0,0,INFEASIBLE,,,,,10.592
headline,denial,outsider,True,canfd,1.0,5.0,0,INFEASIBLE,,,,,10.592
headline,denial,outsider,True,canfd,1.0,10.0,10,mav2,8,slot_k,705.12,8.226,10.592
headline,denial,outsider,True,canfd,1.0,20.0,16,mav2,8,slot_k,705.12,8.226,10.592
headline,denial,insider,False,can,0.178,2.0,6,ed25519,2,slot_k,109.59,1.416,1.885
headline,denial,insider,False,can,0.178,5.0,16,ed25519,8,slot_k,710.39,3.243,1.885
headline,denial,insider,False,can,0.178,10.0,21,ed25519,8,slot_k,710.39,3.243,1.885
headline,denial,insider,False,can,0.178,20.0,26,ed25519,8,slot_k,710.39,3.243,1.885
headline,denial,insider,False,can,0.25,2.0,4,ed25519,2,slot_k,109.59,1.854,2.648
headline,denial,insider,False,can,0.25,5.0,16,ed25519,8,slot_k,710.39,3.681,2.648
headline,denial,insider,False,can,0.25,10.0,21,ed25519,8,slot_k,710.39,3.681,2.648
headline,denial,insider,False,can,0.25,20.0,26,ed25519,8,slot_k,710.39,3.681,2.648
headline,denial,insider,False,can,0.5,2.0,0,INFEASIBLE,,,,,5.296
headline,denial,insider,False,can,0.5,5.0,11,ed25519,4,slot_k,309.91,3.983,5.296
headline,denial,insider,False,can,0.5,10.0,21,ed25519,8,slot_k,710.39,5.201,5.296
headline,denial,insider,False,can,0.5,20.0,26,ed25519,8,slot_k,710.39,5.201,5.296
headline,denial,insider,False,can,1.0,2.0,0,INFEASIBLE,,,,,10.592
headline,denial,insider,False,can,1.0,5.0,0,INFEASIBLE,,,,,10.592
headline,denial,insider,False,can,1.0,10.0,16,ed25519,8,slot_k,710.39,8.242,10.592
headline,denial,insider,False,can,1.0,20.0,26,ed25519,8,slot_k,710.39,8.242,10.592
headline,denial,insider,False,canfd,0.178,2.0,4,ed25519,2,slot_k,108.87,1.414,1.885
headline,denial,insider,False,canfd,0.178,5.0,10,ed25519,8,slot_k,708.87,3.238,1.885
headline,denial,insider,False,canfd,0.178,10.0,13,ed25519,8,slot_k,708.87,3.238,1.885
headline,denial,insider,False,canfd,0.178,20.0,16,ed25519,32,slot_k,3109.06,10.537,1.885
headline,denial,insider,False,canfd,0.25,2.0,3,ed25519,2,slot_k,108.87,1.852,2.648
headline,denial,insider,False,canfd,0.25,5.0,10,ed25519,8,slot_k,708.87,3.676,2.648
headline,denial,insider,False,canfd,0.25,10.0,13,ed25519,8,slot_k,708.87,3.676,2.648
headline,denial,insider,False,canfd,0.25,20.0,16,ed25519,32,slot_k,3109.06,10.975,2.648
headline,denial,insider,False,canfd,0.5,2.0,0,INFEASIBLE,,,,,5.296
headline,denial,insider,False,canfd,0.5,5.0,7,ed25519,4,slot_k,308.87,3.98,5.296
headline,denial,insider,False,canfd,0.5,10.0,13,ed25519,8,slot_k,708.87,5.197,5.296
headline,denial,insider,False,canfd,0.5,20.0,16,ed25519,32,slot_k,3109.06,12.495,5.296
headline,denial,insider,False,canfd,1.0,2.0,0,INFEASIBLE,,,,,10.592
headline,denial,insider,False,canfd,1.0,5.0,0,INFEASIBLE,,,,,10.592
headline,denial,insider,False,canfd,1.0,10.0,10,ed25519,8,slot_k,708.87,8.237,10.592
headline,denial,insider,False,canfd,1.0,20.0,16,ed25519,32,slot_k,3109.06,15.536,10.592
headline,denial,insider,True,can,0.178,2.0,4,mldsa44,2,none,219.46,1.75,1.885
headline,denial,insider,True,can,0.178,5.0,12,mldsa44,8,none,820.26,3.577,1.885
headline,denial,insider,True,can,0.178,10.0,16,mldsa44,16,none,1620.58,6.011,1.885
headline,denial,insider,True,can,0.178,20.0,20,mldsa44,32,none,3220.9,10.877,1.885
headline,denial,insider,True,can,0.25,2.0,2,mldsa44,1,none,118.98,1.882,2.648
headline,denial,insider,True,can,0.25,5.0,12,mldsa44,8,none,820.26,4.015,2.648
headline,denial,insider,True,can,0.25,10.0,16,mldsa44,16,none,1620.58,6.448,2.648
headline,denial,insider,True,can,0.25,20.0,20,mldsa44,32,none,3220.9,11.315,2.648
headline,denial,insider,True,can,0.5,2.0,0,INFEASIBLE,,,,,5.296
headline,denial,insider,True,can,0.5,5.0,8,mldsa44,4,none,419.78,4.317,5.296
headline,denial,insider,True,can,0.5,10.0,16,mldsa44,16,none,1620.58,7.969,5.296
headline,denial,insider,True,can,0.5,20.0,20,mldsa44,32,none,3220.9,12.835,5.296
headline,denial,insider,True,can,1.0,2.0,0,INFEASIBLE,,,,,10.592
headline,denial,insider,True,can,1.0,5.0,0,INFEASIBLE,,,,,10.592
headline,denial,insider,True,can,1.0,10.0,12,mldsa44,8,none,820.26,8.576,10.592
headline,denial,insider,True,can,1.0,20.0,20,mldsa44,32,none,3220.9,15.876,10.592
headline,denial,insider,True,canfd,0.178,2.0,2,mldsa44,2,slot_k,168.26,1.594,1.885
headline,denial,insider,True,canfd,0.178,5.0,6,mldsa44,8,slot_k,768.26,3.419,1.885
headline,denial,insider,True,canfd,0.178,10.0,8,mldsa44,16,slot_k,1568.46,5.852,1.885
headline,denial,insider,True,canfd,0.178,20.0,10,mldsa44,32,slot_k,3168.46,10.718,1.885
headline,denial,insider,True,canfd,0.25,2.0,1,mldsa44,1,slot_k,68.07,1.727,2.648
headline,denial,insider,True,canfd,0.25,5.0,6,mldsa44,8,slot_k,768.26,3.857,2.648
headline,denial,insider,True,canfd,0.25,10.0,8,mldsa44,16,slot_k,1568.46,6.29,2.648
headline,denial,insider,True,canfd,0.25,20.0,10,mldsa44,32,slot_k,3168.46,11.155,2.648
headline,denial,insider,True,canfd,0.5,2.0,0,INFEASIBLE,,,,,5.296
headline,denial,insider,True,canfd,0.5,5.0,4,mldsa44,4,slot_k,368.26,4.161,5.296
headline,denial,insider,True,canfd,0.5,10.0,8,mldsa44,16,slot_k,1568.46,7.81,5.296
headline,denial,insider,True,canfd,0.5,20.0,10,mldsa44,32,slot_k,3168.46,12.676,5.296
headline,denial,insider,True,canfd,1.0,2.0,0,INFEASIBLE,,,,,10.592
headline,denial,insider,True,canfd,1.0,5.0,0,INFEASIBLE,,,,,10.592
headline,denial,insider,True,canfd,1.0,10.0,6,mldsa44,8,slot_k,768.26,8.418,10.592
headline,denial,insider,True,canfd,1.0,20.0,10,mldsa44,32,slot_k,3168.46,15.717,10.592
conservative,delay,outsider,False,can,0.178,2.0,9,none,1,-,0.0,1.885,1.885
conservative,delay,outsider,False,can,0.178,5.0,25,none,1,-,0.0,1.885,1.885
conservative,delay,outsider,False,can,0.178,10.0,32,none,1,-,0.0,1.885,1.885
conservative,delay,outsider,False,can,0.178,20.0,39,none,1,-,0.0,1.885,1.885
conservative,delay,outsider,False,can,0.25,2.0,0,INFEASIBLE,,,,,2.648
conservative,delay,outsider,False,can,0.25,5.0,21,none,1,-,0.0,2.648,2.648
conservative,delay,outsider,False,can,0.25,10.0,32,none,1,-,0.0,2.648,2.648
conservative,delay,outsider,False,can,0.25,20.0,39,none,1,-,0.0,2.648,2.648
conservative,delay,outsider,False,can,0.5,2.0,0,INFEASIBLE,,,,,5.296
conservative,delay,outsider,False,can,0.5,5.0,10,mav2,1,none,4.43,4.029,5.296
conservative,delay,outsider,False,can,0.5,10.0,25,none,1,-,0.0,5.296,5.296
conservative,delay,outsider,False,can,0.5,20.0,39,none,1,-,0.0,5.296,5.296
conservative,delay,outsider,False,can,1.0,2.0,0,INFEASIBLE,,,,,10.592
conservative,delay,outsider,False,can,1.0,5.0,0,INFEASIBLE,,,,,10.592
conservative,delay,outsider,False,can,1.0,10.0,17,mav2,1,none,4.43,8.041,10.592
conservative,delay,outsider,False,can,1.0,20.0,32,none,1,-,0.0,10.592,10.592
conservative,delay,outsider,False,canfd,0.178,2.0,6,none,1,-,0.0,1.885,1.885
conservative,delay,outsider,False,canfd,0.178,5.0,15,none,1,-,0.0,1.885,1.885
conservative,delay,outsider,False,canfd,0.178,10.0,19,none,1,-,0.0,1.885,1.885
conservative,delay,outsider,False,canfd,0.178,20.0,23,none,1,-,0.0,1.885,1.885
conservative,delay,outsider,False,canfd,0.25,2.0,0,INFEASIBLE,,,,,2.648
conservative,delay,outsider,False,canfd,0.25,5.0,13,none,1,-,0.0,2.648,2.648
conservative,delay,outsider,False,canfd,0.25,10.0,19,none,1,-,0.0,2.648,2.648
conservative,delay,outsider,False,canfd,0.25,20.0,23,none,1,-,0.0,2.648,2.648
conservative,delay,outsider,False,canfd,0.5,2.0,0,INFEASIBLE,,,,,5.296
conservative,delay,outsider,False,canfd,0.5,5.0,6,mav2,1,slot_k,4.93,4.031,5.296
conservative,delay,outsider,False,canfd,0.5,10.0,15,none,1,-,0.0,5.296,5.296
conservative,delay,outsider,False,canfd,0.5,20.0,23,none,1,-,0.0,5.296,5.296
conservative,delay,outsider,False,canfd,1.0,2.0,0,INFEASIBLE,,,,,10.592
conservative,delay,outsider,False,canfd,1.0,5.0,0,INFEASIBLE,,,,,10.592
conservative,delay,outsider,False,canfd,1.0,10.0,10,mav2,1,slot_k,4.93,8.043,10.592
conservative,delay,outsider,False,canfd,1.0,20.0,19,none,1,-,0.0,10.592,10.592
conservative,delay,outsider,True,can,0.178,2.0,7,none,1,-,0.0,1.885,1.885
conservative,delay,outsider,True,can,0.178,5.0,21,none,1,-,0.0,1.885,1.885
conservative,delay,outsider,True,can,0.178,10.0,27,none,1,-,0.0,1.885,1.885
conservative,delay,outsider,True,can,0.178,20.0,33,none,1,-,0.0,1.885,1.885
conservative,delay,outsider,True,can,0.25,2.0,0,INFEASIBLE,,,,,2.648
conservative,delay,outsider,True,can,0.25,5.0,17,none,1,-,0.0,2.648,2.648
conservative,delay,outsider,True,can,0.25,10.0,27,none,1,-,0.0,2.648,2.648
conservative,delay,outsider,True,can,0.25,20.0,33,none,1,-,0.0,2.648,2.648
conservative,delay,outsider,True,can,0.5,2.0,0,INFEASIBLE,,,,,5.296
conservative,delay,outsider,True,can,0.5,5.0,8,mav2,1,none,4.43,4.029,5.296
conservative,delay,outsider,True,can,0.5,10.0,21,none,1,-,0.0,5.296,5.296
conservative,delay,outsider,True,can,0.5,20.0,33,none,1,-,0.0,5.296,5.296
conservative,delay,outsider,True,can,1.0,2.0,0,INFEASIBLE,,,,,10.592
conservative,delay,outsider,True,can,1.0,5.0,0,INFEASIBLE,,,,,10.592
conservative,delay,outsider,True,can,1.0,10.0,14,mav2,1,none,4.43,8.041,10.592
conservative,delay,outsider,True,can,1.0,20.0,27,none,1,-,0.0,10.592,10.592
conservative,delay,outsider,True,canfd,0.178,2.0,4,none,1,-,0.0,1.885,1.885
conservative,delay,outsider,True,canfd,0.178,5.0,11,none,1,-,0.0,1.885,1.885
conservative,delay,outsider,True,canfd,0.178,10.0,14,none,1,-,0.0,1.885,1.885
conservative,delay,outsider,True,canfd,0.178,20.0,17,none,1,-,0.0,1.885,1.885
conservative,delay,outsider,True,canfd,0.25,2.0,0,INFEASIBLE,,,,,2.648
conservative,delay,outsider,True,canfd,0.25,5.0,9,none,1,-,0.0,2.648,2.648
conservative,delay,outsider,True,canfd,0.25,10.0,14,none,1,-,0.0,2.648,2.648
conservative,delay,outsider,True,canfd,0.25,20.0,17,none,1,-,0.0,2.648,2.648
conservative,delay,outsider,True,canfd,0.5,2.0,0,INFEASIBLE,,,,,5.296
conservative,delay,outsider,True,canfd,0.5,5.0,4,mav2,1,slot_k,4.93,4.031,5.296
conservative,delay,outsider,True,canfd,0.5,10.0,11,none,1,-,0.0,5.296,5.296
conservative,delay,outsider,True,canfd,0.5,20.0,17,none,1,-,0.0,5.296,5.296
conservative,delay,outsider,True,canfd,1.0,2.0,0,INFEASIBLE,,,,,10.592
conservative,delay,outsider,True,canfd,1.0,5.0,0,INFEASIBLE,,,,,10.592
conservative,delay,outsider,True,canfd,1.0,10.0,7,mav2,1,slot_k,4.93,8.043,10.592
conservative,delay,outsider,True,canfd,1.0,20.0,14,none,1,-,0.0,10.592,10.592
conservative,delay,insider,False,can,0.178,2.0,5,none,1,-,0.0,1.885,1.885
conservative,delay,insider,False,can,0.178,5.0,17,none,1,-,0.0,1.885,1.885
conservative,delay,insider,False,can,0.178,10.0,22,none,1,-,0.0,1.885,1.885
conservative,delay,insider,False,can,0.178,20.0,27,none,1,-,0.0,1.885,1.885
conservative,delay,insider,False,can,0.25,2.0,0,INFEASIBLE,,,,,2.648
conservative,delay,insider,False,can,0.25,5.0,13,none,1,-,0.0,2.648,2.648
conservative,delay,insider,False,can,0.25,10.0,22,none,1,-,0.0,2.648,2.648
conservative,delay,insider,False,can,0.25,20.0,27,none,1,-,0.0,2.648,2.648
conservative,delay,insider,False,can,0.5,2.0,0,INFEASIBLE,,,,,5.296
conservative,delay,insider,False,can,0.5,5.0,6,ed25519,2,slot_k,109.59,4.451,5.296
conservative,delay,insider,False,can,0.5,10.0,17,none,1,-,0.0,5.296,5.296
conservative,delay,insider,False,can,0.5,20.0,27,none,1,-,0.0,5.296,5.296
conservative,delay,insider,False,can,1.0,2.0,0,INFEASIBLE,,,,,10.592
conservative,delay,insider,False,can,1.0,5.0,0,INFEASIBLE,,,,,10.592
conservative,delay,insider,False,can,1.0,10.0,11,ed25519,4,slot_k,309.91,9.266,10.592
conservative,delay,insider,False,can,1.0,20.0,22,none,1,-,0.0,10.592,10.592
conservative,delay,insider,False,canfd,0.178,2.0,4,none,1,-,0.0,1.885,1.885
conservative,delay,insider,False,canfd,0.178,5.0,11,none,1,-,0.0,1.885,1.885
conservative,delay,insider,False,canfd,0.178,10.0,14,none,1,-,0.0,1.885,1.885
conservative,delay,insider,False,canfd,0.178,20.0,17,none,1,-,0.0,1.885,1.885
conservative,delay,insider,False,canfd,0.25,2.0,0,INFEASIBLE,,,,,2.648
conservative,delay,insider,False,canfd,0.25,5.0,9,none,1,-,0.0,2.648,2.648
conservative,delay,insider,False,canfd,0.25,10.0,14,none,1,-,0.0,2.648,2.648
conservative,delay,insider,False,canfd,0.25,20.0,17,none,1,-,0.0,2.648,2.648
conservative,delay,insider,False,canfd,0.5,2.0,0,INFEASIBLE,,,,,5.296
conservative,delay,insider,False,canfd,0.5,5.0,4,ed25519,2,slot_k,108.87,4.448,5.296
conservative,delay,insider,False,canfd,0.5,10.0,11,none,1,-,0.0,5.296,5.296
conservative,delay,insider,False,canfd,0.5,20.0,17,none,1,-,0.0,5.296,5.296
conservative,delay,insider,False,canfd,1.0,2.0,0,INFEASIBLE,,,,,10.592
conservative,delay,insider,False,canfd,1.0,5.0,0,INFEASIBLE,,,,,10.592
conservative,delay,insider,False,canfd,1.0,10.0,7,ed25519,4,slot_k,308.87,9.262,10.592
conservative,delay,insider,False,canfd,1.0,20.0,14,none,1,-,0.0,10.592,10.592
conservative,delay,insider,True,can,0.178,2.0,3,none,1,-,0.0,1.885,1.885
conservative,delay,insider,True,can,0.178,5.0,13,none,1,-,0.0,1.885,1.885
conservative,delay,insider,True,can,0.178,10.0,17,none,1,-,0.0,1.885,1.885
conservative,delay,insider,True,can,0.178,20.0,21,none,1,-,0.0,1.885,1.885
conservative,delay,insider,True,can,0.25,2.0,0,INFEASIBLE,,,,,2.648
conservative,delay,insider,True,can,0.25,5.0,9,none,1,-,0.0,2.648,2.648
conservative,delay,insider,True,can,0.25,10.0,17,none,1,-,0.0,2.648,2.648
conservative,delay,insider,True,can,0.25,20.0,21,none,1,-,0.0,2.648,2.648
conservative,delay,insider,True,can,0.5,2.0,0,INFEASIBLE,,,,,5.296
conservative,delay,insider,True,can,0.5,5.0,4,mldsa44,2,none,219.46,4.892,5.296
conservative,delay,insider,True,can,0.5,10.0,13,none,1,-,0.0,5.296,5.296
conservative,delay,insider,True,can,0.5,20.0,21,none,1,-,0.0,5.296,5.296
conservative,delay,insider,True,can,1.0,2.0,0,INFEASIBLE,,,,,10.592
conservative,delay,insider,True,can,1.0,5.0,0,INFEASIBLE,,,,,10.592
conservative,delay,insider,True,can,1.0,10.0,8,mldsa44,4,none,419.78,9.707,10.592
conservative,delay,insider,True,can,1.0,20.0,17,none,1,-,0.0,10.592,10.592
conservative,delay,insider,True,canfd,0.178,2.0,2,none,1,-,0.0,1.885,1.885
conservative,delay,insider,True,canfd,0.178,5.0,7,none,1,-,0.0,1.885,1.885
conservative,delay,insider,True,canfd,0.178,10.0,9,none,1,-,0.0,1.885,1.885
conservative,delay,insider,True,canfd,0.178,20.0,11,none,1,-,0.0,1.885,1.885
conservative,delay,insider,True,canfd,0.25,2.0,0,INFEASIBLE,,,,,2.648
conservative,delay,insider,True,canfd,0.25,5.0,5,none,1,-,0.0,2.648,2.648
conservative,delay,insider,True,canfd,0.25,10.0,9,none,1,-,0.0,2.648,2.648
conservative,delay,insider,True,canfd,0.25,20.0,11,none,1,-,0.0,2.648,2.648
conservative,delay,insider,True,canfd,0.5,2.0,0,INFEASIBLE,,,,,5.296
conservative,delay,insider,True,canfd,0.5,5.0,2,mldsa44,2,slot_k,168.26,4.686,5.296
conservative,delay,insider,True,canfd,0.5,10.0,7,none,1,-,0.0,5.296,5.296
conservative,delay,insider,True,canfd,0.5,20.0,11,none,1,-,0.0,5.296,5.296
conservative,delay,insider,True,canfd,1.0,2.0,0,INFEASIBLE,,,,,10.592
conservative,delay,insider,True,canfd,1.0,5.0,0,INFEASIBLE,,,,,10.592
conservative,delay,insider,True,canfd,1.0,10.0,4,mldsa44,4,slot_k,368.26,9.5,10.592
conservative,delay,insider,True,canfd,1.0,20.0,9,none,1,-,0.0,10.592,10.592
conservative,denial,outsider,False,can,0.178,2.0,8,mav2,1,none,4.43,1.446,1.885
conservative,denial,outsider,False,can,0.178,5.0,24,mav2,1,none,4.43,1.446,1.885
conservative,denial,outsider,False,can,0.178,10.0,31,mav2,1,none,4.43,1.446,1.885
conservative,denial,outsider,False,can,0.178,20.0,38,mav2,1,none,4.43,1.446,1.885
conservative,denial,outsider,False,can,0.25,2.0,0,INFEASIBLE,,,,,2.648
conservative,denial,outsider,False,can,0.25,5.0,20,mav2,1,none,4.43,2.023,2.648
conservative,denial,outsider,False,can,0.25,10.0,31,mav2,1,none,4.43,2.023,2.648
conservative,denial,outsider,False,can,0.25,20.0,38,mav2,1,none,4.43,2.023,2.648
conservative,denial,outsider,False,can,0.5,2.0,0,INFEASIBLE,,,,,5.296
conservative,denial,outsider,False,can,0.5,5.0,10,mav2,1,none,4.43,4.029,5.296
conservative,denial,outsider,False,can,0.5,10.0,24,mav2,1,none,4.43,4.029,5.296
conservative,denial,outsider,False,can,0.5,20.0,38,mav2,1,none,4.43,4.029,5.296
conservative,denial,outsider,False,can,1.0,2.0,0,INFEASIBLE,,,,,10.592
conservative,denial,outsider,False,can,1.0,5.0,0,INFEASIBLE,,,,,10.592
conservative,denial,outsider,False,can,1.0,10.0,17,mav2,1,none,4.43,8.041,10.592
conservative,denial,outsider,False,can,1.0,20.0,31,mav2,1,none,4.43,8.041,10.592
conservative,denial,outsider,False,canfd,0.178,2.0,5,mav2,1,slot_k,4.93,1.448,1.885
conservative,denial,outsider,False,canfd,0.178,5.0,14,mav2,8,slot_k,705.12,4.257,1.885
conservative,denial,outsider,False,canfd,0.178,10.0,18,mav2,8,slot_k,705.12,4.257,1.885
conservative,denial,outsider,False,canfd,0.178,20.0,22,mav2,8,slot_k,705.12,4.257,1.885
conservative,denial,outsider,False,canfd,0.25,2.0,0,INFEASIBLE,,,,,2.648
conservative,denial,outsider,False,canfd,0.25,5.0,12,mav2,8,slot_k,705.12,4.834,2.648
conservative,denial,outsider,False,canfd,0.25,10.0,18,mav2,8,slot_k,705.12,4.834,2.648
conservative,denial,outsider,False,canfd,0.25,20.0,22,mav2,8,slot_k,705.12,4.834,2.648
conservative,denial,outsider,False,canfd,0.5,2.0,0,INFEASIBLE,,,,,5.296
conservative,denial,outsider,False,canfd,0.5,5.0,6,mav2,1,slot_k,4.93,4.031,5.296
conservative,denial,outsider,False,canfd,0.5,10.0,14,mav2,8,slot_k,705.12,6.84,5.296
conservative,denial,outsider,False,canfd,0.5,20.0,22,mav2,8,slot_k,705.12,6.84,5.296
conservative,denial,outsider,False,canfd,1.0,2.0,0,INFEASIBLE,,,,,10.592
conservative,denial,outsider,False,canfd,1.0,5.0,0,INFEASIBLE,,,,,10.592
conservative,denial,outsider,False,canfd,1.0,10.0,10,mav2,1,slot_k,4.93,8.043,10.592
conservative,denial,outsider,False,canfd,1.0,20.0,18,mav2,8,slot_k,705.12,10.851,10.592
conservative,denial,outsider,True,can,0.178,2.0,6,mav2,1,none,4.43,1.446,1.885
conservative,denial,outsider,True,can,0.178,5.0,20,mav2,1,none,4.43,1.446,1.885
conservative,denial,outsider,True,can,0.178,10.0,26,mav2,1,none,4.43,1.446,1.885
conservative,denial,outsider,True,can,0.178,20.0,32,mav2,1,none,4.43,1.446,1.885
conservative,denial,outsider,True,can,0.25,2.0,0,INFEASIBLE,,,,,2.648
conservative,denial,outsider,True,can,0.25,5.0,16,mav2,1,none,4.43,2.023,2.648
conservative,denial,outsider,True,can,0.25,10.0,26,mav2,1,none,4.43,2.023,2.648
conservative,denial,outsider,True,can,0.25,20.0,32,mav2,1,none,4.43,2.023,2.648
conservative,denial,outsider,True,can,0.5,2.0,0,INFEASIBLE,,,,,5.296
conservative,denial,outsider,True,can,0.5,5.0,8,mav2,1,none,4.43,4.029,5.296
conservative,denial,outsider,True,can,0.5,10.0,20,mav2,1,none,4.43,4.029,5.296
conservative,denial,outsider,True,can,0.5,20.0,32,mav2,1,none,4.43,4.029,5.296
conservative,denial,outsider,True,can,1.0,2.0,0,INFEASIBLE,,,,,10.592
conservative,denial,outsider,True,can,1.0,5.0,0,INFEASIBLE,,,,,10.592
conservative,denial,outsider,True,can,1.0,10.0,14,mav2,1,none,4.43,8.041,10.592
conservative,denial,outsider,True,can,1.0,20.0,26,mav2,1,none,4.43,8.041,10.592
conservative,denial,outsider,True,canfd,0.178,2.0,3,mav2,1,slot_k,4.93,1.448,1.885
conservative,denial,outsider,True,canfd,0.178,5.0,10,mav2,8,slot_k,705.12,4.257,1.885
conservative,denial,outsider,True,canfd,0.178,10.0,13,mav2,8,slot_k,705.12,4.257,1.885
conservative,denial,outsider,True,canfd,0.178,20.0,16,mav2,8,slot_k,705.12,4.257,1.885
conservative,denial,outsider,True,canfd,0.25,2.0,0,INFEASIBLE,,,,,2.648
conservative,denial,outsider,True,canfd,0.25,5.0,8,mav2,8,slot_k,705.12,4.834,2.648
conservative,denial,outsider,True,canfd,0.25,10.0,13,mav2,8,slot_k,705.12,4.834,2.648
conservative,denial,outsider,True,canfd,0.25,20.0,16,mav2,8,slot_k,705.12,4.834,2.648
conservative,denial,outsider,True,canfd,0.5,2.0,0,INFEASIBLE,,,,,5.296
conservative,denial,outsider,True,canfd,0.5,5.0,4,mav2,1,slot_k,4.93,4.031,5.296
conservative,denial,outsider,True,canfd,0.5,10.0,10,mav2,8,slot_k,705.12,6.84,5.296
conservative,denial,outsider,True,canfd,0.5,20.0,16,mav2,8,slot_k,705.12,6.84,5.296
conservative,denial,outsider,True,canfd,1.0,2.0,0,INFEASIBLE,,,,,10.592
conservative,denial,outsider,True,canfd,1.0,5.0,0,INFEASIBLE,,,,,10.592
conservative,denial,outsider,True,canfd,1.0,10.0,7,mav2,1,slot_k,4.93,8.043,10.592
conservative,denial,outsider,True,canfd,1.0,20.0,13,mav2,8,slot_k,705.12,10.851,10.592
conservative,denial,insider,False,can,0.178,2.0,4,ed25519,2,slot_k,109.59,1.868,1.885
conservative,denial,insider,False,can,0.178,5.0,16,ed25519,8,slot_k,710.39,4.278,1.885
conservative,denial,insider,False,can,0.178,10.0,21,ed25519,8,slot_k,710.39,4.278,1.885
conservative,denial,insider,False,can,0.178,20.0,26,ed25519,8,slot_k,710.39,4.278,1.885
conservative,denial,insider,False,can,0.25,2.0,0,INFEASIBLE,,,,,2.648
conservative,denial,insider,False,can,0.25,5.0,12,ed25519,8,slot_k,710.39,4.855,2.648
conservative,denial,insider,False,can,0.25,10.0,21,ed25519,8,slot_k,710.39,4.855,2.648
conservative,denial,insider,False,can,0.25,20.0,26,ed25519,8,slot_k,710.39,4.855,2.648
conservative,denial,insider,False,can,0.5,2.0,0,INFEASIBLE,,,,,5.296
conservative,denial,insider,False,can,0.5,5.0,6,ed25519,2,slot_k,109.59,4.451,5.296
conservative,denial,insider,False,can,0.5,10.0,16,ed25519,8,slot_k,710.39,6.861,5.296
conservative,denial,insider,False,can,0.5,20.0,26,ed25519,8,slot_k,710.39,6.861,5.296
conservative,denial,insider,False,can,1.0,2.0,0,INFEASIBLE,,,,,10.592
conservative,denial,insider,False,can,1.0,5.0,0,INFEASIBLE,,,,,10.592
conservative,denial,insider,False,can,1.0,10.0,11,ed25519,4,slot_k,309.91,9.266,10.592
conservative,denial,insider,False,can,1.0,20.0,21,ed25519,8,slot_k,710.39,10.873,10.592
conservative,denial,insider,False,canfd,0.178,2.0,3,ed25519,2,slot_k,108.87,1.865,1.885
conservative,denial,insider,False,canfd,0.178,5.0,10,ed25519,8,slot_k,708.87,4.272,1.885
conservative,denial,insider,False,canfd,0.178,10.0,13,ed25519,8,slot_k,708.87,4.272,1.885
conservative,denial,insider,False,canfd,0.178,20.0,16,ed25519,32,slot_k,3109.06,13.9,1.885
conservative,denial,insider,False,canfd,0.25,2.0,0,INFEASIBLE,,,,,2.648
conservative,denial,insider,False,canfd,0.25,5.0,8,ed25519,8,slot_k,708.87,4.849,2.648
conservative,denial,insider,False,canfd,0.25,10.0,13,ed25519,8,slot_k,708.87,4.849,2.648
conservative,denial,insider,False,canfd,0.25,20.0,16,ed25519,32,slot_k,3109.06,14.477,2.648
conservative,denial,insider,False,canfd,0.5,2.0,0,INFEASIBLE,,,,,5.296
conservative,denial,insider,False,canfd,0.5,5.0,4,ed25519,2,slot_k,108.87,4.448,5.296
conservative,denial,insider,False,canfd,0.5,10.0,10,ed25519,8,slot_k,708.87,6.855,5.296
conservative,denial,insider,False,canfd,0.5,20.0,16,ed25519,32,slot_k,3109.06,16.483,5.296
conservative,denial,insider,False,canfd,1.0,2.0,0,INFEASIBLE,,,,,10.592
conservative,denial,insider,False,canfd,1.0,5.0,0,INFEASIBLE,,,,,10.592
conservative,denial,insider,False,canfd,1.0,10.0,7,ed25519,4,slot_k,308.87,9.262,10.592
conservative,denial,insider,False,canfd,1.0,20.0,13,ed25519,8,slot_k,708.87,10.866,10.592
conservative,denial,insider,True,can,0.178,2.0,2,mldsa44,1,none,118.98,1.905,1.885
conservative,denial,insider,True,can,0.178,5.0,12,mldsa44,8,none,820.26,4.718,1.885
conservative,denial,insider,True,can,0.178,10.0,16,mldsa44,16,none,1620.58,7.929,1.885
conservative,denial,insider,True,can,0.178,20.0,20,mldsa44,32,none,3220.9,14.348,1.885
conservative,denial,insider,True,can,0.25,2.0,0,INFEASIBLE,,,,,2.648
conservative,denial,insider,True,can,0.25,5.0,8,mldsa44,4,none,419.78,3.69,2.648
conservative,denial,insider,True,can,0.25,10.0,16,mldsa44,16,none,1620.58,8.507,2.648
conservative,denial,insider,True,can,0.25,20.0,20,mldsa44,32,none,3220.9,14.926,2.648
conservative,denial,insider,True,can,0.5,2.0,0,INFEASIBLE,,,,,5.296
conservative,denial,insider,True,can,0.5,5.0,4,mldsa44,2,none,219.46,4.892,5.296
conservative,denial,insider,True,can,0.5,10.0,12,mldsa44,8,none,820.26,7.302,5.296
conservative,denial,insider,True,can,0.5,20.0,20,mldsa44,32,none,3220.9,16.932,5.296
conservative,denial,insider,True,can,1.0,2.0,0,INFEASIBLE,,,,,10.592
conservative,denial,insider,True,can,1.0,5.0,0,INFEASIBLE,,,,,10.592
conservative,denial,insider,True,can,1.0,10.0,8,mldsa44,4,none,419.78,9.707,10.592
conservative,denial,insider,True,can,1.0,20.0,16,mldsa44,16,none,1620.58,14.524,10.592
conservative,denial,insider,True,canfd,0.178,2.0,1,mldsa44,1,slot_k,68.07,1.701,1.885
conservative,denial,insider,True,canfd,0.178,5.0,6,mldsa44,8,slot_k,768.26,4.51,1.885
conservative,denial,insider,True,canfd,0.178,10.0,8,mldsa44,16,slot_k,1568.46,7.72,1.885
conservative,denial,insider,True,canfd,0.178,20.0,10,mldsa44,32,slot_k,3168.46,14.138,1.885
conservative,denial,insider,True,canfd,0.25,2.0,0,INFEASIBLE,,,,,2.648
conservative,denial,insider,True,canfd,0.25,5.0,4,mldsa44,4,slot_k,368.26,3.483,2.648
conservative,denial,insider,True,canfd,0.25,10.0,8,mldsa44,16,slot_k,1568.46,8.297,2.648
conservative,denial,insider,True,canfd,0.25,20.0,10,mldsa44,32,slot_k,3168.46,14.716,2.648
conservative,denial,insider,True,canfd,0.5,2.0,0,INFEASIBLE,,,,,5.296
conservative,denial,insider,True,canfd,0.5,5.0,2,mldsa44,2,slot_k,168.26,4.686,5.296
conservative,denial,insider,True,canfd,0.5,10.0,6,mldsa44,8,slot_k,768.26,7.093,5.296
conservative,denial,insider,True,canfd,0.5,20.0,10,mldsa44,32,slot_k,3168.46,16.721,5.296
conservative,denial,insider,True,canfd,1.0,2.0,0,INFEASIBLE,,,,,10.592
conservative,denial,insider,True,canfd,1.0,5.0,0,INFEASIBLE,,,,,10.592
conservative,denial,insider,True,canfd,1.0,10.0,4,mldsa44,4,slot_k,368.26,9.5,10.592
conservative,denial,insider,True,canfd,1.0,20.0,8,mldsa44,16,slot_k,1568.46,14.315,10.592
