push_rate,nu,tau_fresh_s,time_to_denial_s,time_to_denial_min
1 ms/s (1000 ppm),0.001,60.0,60000.0,1000.0
1 ms/s (1000 ppm),0.001,5.0,5000.0,83.33
1 ms/s (1000 ppm),0.001,1.0,1000.0,16.67
1 ms/s (1000 ppm),0.001,0.25,250.0,4.17
10 ms/s,0.01,60.0,6000.0,100.0
10 ms/s,0.01,5.0,500.0,8.33
10 ms/s,0.01,1.0,100.0,1.67
10 ms/s,0.01,0.25,25.0,0.42
100 ms/s,0.1,60.0,600.0,10.0
100 ms/s,0.1,5.0,50.0,0.83
100 ms/s,0.1,1.0,10.0,0.17
100 ms/s,0.1,0.25,2.5,0.04
1 s/s,1.0,60.0,60.0,1.0
1 s/s,1.0,5.0,5.0,0.08
1 s/s,1.0,1.0,1.0,0.02
1 s/s,1.0,0.25,0.25,0.0
step,inf,60.0,0.0,0.0
step,inf,5.0,0.0,0.0
step,inf,1.0,0.0,0.0
step,inf,0.25,0.0,0.0
