transport,scheme,tag_bytes,extra_frames,tx_ms,u0,r_star_u0_0,r_star_u0
can,mav2,13,3,0.48,0.099,2083.33,1877.03
can,ed25519,64,10,1.6,0.099,625.0,563.11
can,fndsa512,666,96,15.36,0.099,65.1,58.66
can,mldsa44,2420,346,55.36,0.099,18.06,16.27
can,slhdsa128f,17088,2442,390.72,0.099,2.56,2.31
can,slhdsa128s,7856,1123,179.68,0.099,5.57,5.01
can,tesla,26,4,0.64,0.099,1562.5,1407.77
canfd,mav2,13,1,0.1926,0.099,5192.11,4677.96
canfd,ed25519,64,2,0.3852,0.099,2596.05,2338.98
canfd,fndsa512,666,11,2.1186,0.099,472.01,425.27
canfd,mldsa44,2420,39,7.5114,0.099,133.13,119.95
canfd,slhdsa128f,17088,272,52.3872,0.099,19.09,17.2
canfd,slhdsa128s,7856,125,24.075,0.099,41.54,37.42
canfd,tesla,26,1,0.1926,0.099,5192.11,4677.96
mav57k,mav2,13,1,2.2569,0.0,443.08,443.08
mav57k,ed25519,64,1,11.1111,0.0,90.0,90.0
mav57k,fndsa512,666,3,119.7917,0.0,8.35,8.35
mav57k,mldsa44,2420,10,438.8889,0.0,2.28,2.28
mav57k,slhdsa128f,17088,68,3106.25,0.0,0.32,0.32
mav57k,slhdsa128s,7856,31,1426.3889,0.0,0.7,0.7
mav57k,tesla,26,1,4.5139,0.0,221.54,221.54
mav921k,mav2,13,1,0.1411,0.0,7089.23,7089.23
mav921k,ed25519,64,1,0.6944,0.0,1440.0,1440.0
mav921k,fndsa512,666,3,7.487,0.0,133.57,133.57
mav921k,mldsa44,2420,10,27.4306,0.0,36.46,36.46
mav921k,slhdsa128f,17088,68,194.1406,0.0,5.15,5.15
mav921k,slhdsa128s,7856,31,89.1493,0.0,11.22,11.22
mav921k,tesla,26,1,0.2821,0.0,3544.62,3544.62
