scheme,n_frames,rate,rate_frac,r_star,R_ms,md1_ms,tx_alone_ms
ed25519,10,28.1555,0.05,563.11,5.44,1.823,1.6
ed25519,10,56.311,0.1,563.11,5.44,1.875,1.6
ed25519,10,112.622,0.2,563.11,5.44,1.998,1.6
ed25519,10,168.933,0.3,563.11,5.44,2.156,1.6
ed25519,10,225.244,0.4,563.11,5.44,2.368,1.6
ed25519,10,281.555,0.5,563.11,5.44,2.664,1.6
ed25519,10,337.866,0.6,563.11,5.44,3.108,1.6
ed25519,10,394.177,0.7,563.11,5.44,3.848,1.6
ed25519,10,450.488,0.8,563.11,5.44,5.328,1.6
ed25519,10,478.6435,0.85,563.11,5.44,6.807,1.6
ed25519,10,506.799,0.9,563.11,5.44,9.767,1.6
ed25519,10,523.6923,0.93,563.11,5.44,13.573,1.6
ed25519,10,534.9545,0.95,563.11,5.44,18.646,1.6
ed25519,10,546.2167,0.97,563.11,5.44,30.485,1.6
ed25519,10,551.8478,0.98,563.11,5.44,45.284,1.6
ed25519,10,557.4789,0.99,563.11,5.44,89.681,1.6
fndsa512,96,2.9329,0.05,58.657,19.2,17.497,15.36
fndsa512,96,5.8657,0.1,58.657,19.2,17.995,15.36
fndsa512,96,11.7315,0.2,58.657,19.2,19.179,15.36
fndsa512,96,17.5972,0.3,58.657,19.2,20.701,15.36
fndsa512,96,23.4629,0.4,58.657,19.2,22.731,15.36
fndsa512,96,29.3286,0.5,58.657,19.2,25.572,15.36
fndsa512,96,35.1944,0.6,58.657,19.2,29.834,15.36
fndsa512,96,41.0601,0.7,58.657,19.2,36.938,15.36
fndsa512,96,46.9258,0.8,58.657,19.2,51.145,15.36
fndsa512,96,49.8587,0.85,58.657,19.2,65.351,15.36
fndsa512,96,52.7916,0.9,58.657,19.2,93.765,15.36
fndsa512,96,54.5513,0.93,58.657,19.2,130.297,15.36
fndsa512,96,55.7244,0.95,58.657,19.2,179.006,15.36
fndsa512,96,56.8976,0.97,58.657,19.2,292.66,15.36
fndsa512,96,57.4841,0.98,58.657,19.2,434.729,15.36
fndsa512,96,58.0707,0.99,58.657,19.558,860.933,15.36
mldsa44,346,0.8137,0.05,16.275,63.04,63.061,55.36
mldsa44,346,1.6275,0.1,16.275,63.04,64.858,55.36
mldsa44,346,3.255,0.2,16.275,63.04,69.125,55.36
mldsa44,346,4.8825,0.3,16.275,63.04,74.611,55.36
mldsa44,346,6.5099,0.4,16.275,63.04,81.926,55.36
mldsa44,346,8.1374,0.5,16.275,63.04,92.167,55.36
mldsa44,346,9.7649,0.6,16.275,63.04,107.528,55.36
mldsa44,346,11.3924,0.7,16.275,63.04,133.13,55.36
mldsa44,346,13.0199,0.8,16.275,63.04,184.333,55.36
mldsa44,346,13.8336,0.85,16.275,63.04,235.537,55.36
mldsa44,346,14.6474,0.9,16.275,63.04,337.945,55.36
mldsa44,346,15.1356,0.93,16.275,63.04,469.611,55.36
mldsa44,346,15.4611,0.95,16.275,63.04,645.167,55.36
mldsa44,346,15.7866,0.97,16.275,63.04,1054.797,55.36
mldsa44,346,15.9494,0.98,16.275,63.382,1566.834,55.36
mldsa44,346,16.1121,0.99,16.275,64.015,3102.946,55.36
slhdsa128s,1123,0.2507,0.05,5.014,202.72,204.676,179.68
slhdsa128s,1123,0.5014,0.1,5.014,202.72,210.508,179.68
slhdsa128s,1123,1.0029,0.2,5.014,202.72,224.357,179.68
slhdsa128s,1123,1.5043,0.3,5.014,202.72,242.163,179.68
slhdsa128s,1123,2.0057,0.4,5.014,202.72,265.904,179.68
slhdsa128s,1123,2.5072,0.5,5.014,202.72,299.142,179.68
slhdsa128s,1123,3.0086,0.6,5.014,202.72,348.999,179.68
slhdsa128s,1123,3.51,0.7,5.014,202.72,432.094,179.68
slhdsa128s,1123,4.0115,0.8,5.014,202.72,598.285,179.68
slhdsa128s,1123,4.2622,0.85,5.014,202.72,764.475,179.68
slhdsa128s,1123,4.5129,0.9,5.014,202.72,1096.855,179.68
slhdsa128s,1123,4.6633,0.93,5.014,202.72,1524.201,179.68
slhdsa128s,1123,4.7636,0.95,5.014,202.72,2093.996,179.68
slhdsa128s,1123,4.8639,0.97,5.014,202.72,3423.517,179.68
slhdsa128s,1123,4.914,0.98,5.014,202.72,5085.418,179.68
slhdsa128s,1123,4.9642,0.99,5.014,202.72,10071.123,179.68
