tier,component,scope,n
A,perception,in,2
A,perception,tr,8
A,perception,op,1
A,perception,popd,3
A,estimation,in,1
A,estimation,tr,2
A,estimation,op,2
A,estimation,popd,0
A,control,in,3
A,control,tr,13
A,control,op,5
A,control,popd,2
A,planning,in,0
A,planning,tr,0
A,planning,op,0
A,planning,popd,0
A,end2end,in,0
A,end2end,tr,0
A,end2end,op,2
A,end2end,popd,2
AB,perception,in,28
AB,perception,tr,8
AB,perception,op,1
AB,perception,popd,7
AB,estimation,in,1
AB,estimation,tr,2
AB,estimation,op,3
AB,estimation,popd,0
AB,control,in,6
AB,control,tr,18
AB,control,op,6
AB,control,popd,2
AB,planning,in,0
AB,planning,tr,0
AB,planning,op,0
AB,planning,popd,0
AB,end2end,in,0
AB,end2end,tr,0
AB,end2end,op,2
AB,end2end,popd,2
