lambda_per_h,f_hz,p_star_k1,p_star_k3_indep,decisions_per_h
0.001,1,2.7777777777777776e-07,0.006524779401948107,3600
0.001,5,5.5555555555555555e-08,0.0038157141418444407,18000
0.001,10,2.7777777777777777e-08,0.0030285343213869004,36000
0.001,30,9.259259259259259e-09,0.002099868416491456,108000
0.001,60,4.6296296296296295e-09,0.0016666666666666672,216000
0.001,100,2.777777777777778e-09,0.0014057211088362492,360000
0.0001,1,2.777777777777778e-08,0.0030285343213869004,3600
0.0001,5,5.555555555555556e-09,0.0017710976153043525,18000
0.0001,10,2.777777777777778e-09,0.0014057211088362492,36000
0.0001,30,9.25925925925926e-10,0.0009746725794042891,108000
0.0001,60,4.62962962962963e-10,0.0007735981389354635,216000
0.0001,100,2.7777777777777777e-10,0.0006524779401948108,360000
1e-05,1,2.777777777777778e-09,0.0014057211088362492,3600
1e-05,5,5.555555555555556e-10,0.0008220706914434904,18000
1e-05,10,2.777777777777778e-10,0.0006524779401948109,36000
1e-05,30,9.25925925925926e-11,0.0004524029360991513,108000
1e-05,60,4.62962962962963e-11,0.00035907244833864745,216000
1e-05,100,2.777777777777778e-11,0.0003028534321386901,360000
1e-06,1,2.7777777777777777e-10,0.0006524779401948108,3600
1e-06,5,5.5555555555555553e-11,0.0003815714141844441,18000
1e-06,10,2.7777777777777777e-11,0.0003028534321386901,36000
1e-06,30,9.259259259259259e-12,0.00020998684164914562,108000
1e-06,60,4.6296296296296294e-12,0.00016666666666666674,216000
1e-06,100,2.7777777777777777e-12,0.00014057211088362495,360000
1e-07,1,2.7777777777777777e-11,0.0003028534321386901,3600
1e-07,5,5.5555555555555555e-12,0.00017710976153043526,18000
1e-07,10,2.7777777777777777e-12,0.00014057211088362495,36000
1e-07,30,9.259259259259258e-13,9.746725794042891e-05,108000
1e-07,60,4.629629629629629e-13,7.735981389354635e-05,216000
1e-07,100,2.7777777777777774e-13,6.524779401948109e-05,360000
1e-09,1,2.777777777777778e-13,6.52477940194811e-05,3600
1e-09,5,5.555555555555556e-14,3.815714141844442e-05,18000
1e-09,10,2.777777777777778e-14,3.0285343213869013e-05,36000
1e-09,30,9.25925925925926e-15,2.0998684164914566e-05,108000
1e-09,60,4.62962962962963e-15,1.6666666666666678e-05,216000
1e-09,100,2.777777777777778e-15,1.4057211088362496e-05,360000
