rho,p_star,gain_vs_k1,gain_bound_markov
0.0,0.0009746725794042891,1052646.385756632,6.75
0.05,3.898635477582845e-07,421.0526315789472,6.75
0.1,1.0288065843621397e-07,111.11111111111109,6.75
0.2,2.8935185185185182e-08,31.249999999999993,6.75
0.3,1.4697236919459143e-08,15.873015873015873,6.75
0.4,9.64506172839506e-09,10.416666666666664,6.75
0.5,7.407407407407408e-09,8.0,6.75
0.6,6.430041152263375e-09,6.944444444444445,6.75
0.6666666666666666,6.25e-09,6.749999999999999,6.75
0.7,6.298815822625347e-09,6.802721088435374,6.75
0.8,7.233796296296296e-09,7.812499999999999,6.75
0.9,1.1431184270690444e-08,12.345679012345679,6.75
0.95,2.051913409254128e-08,22.160664819944582,6.75
0.99,9.447259727843334e-08,102.030405060708,6.75
0.999,9.277805592638936e-07,1002.003004005005,6.75
