field,n,agree,agree_lo,agree_hi,kappa,kappa_lo,kappa_hi,alpha,alpha_lo,alpha_hi,ac1,ac1_lo,ac1_hi,pabak,pabak_lo,pabak_hi
tier,86,0.9186,0.8488,0.9651,0.8363,0.6987,0.9303,0.8371,0.6991,0.9306,0.8383,0.7097,0.9374,0.8372,0.6977,0.9302
component,86,0.8953,0.8256,0.9535,0.8189,0.7127,0.9148,0.8191,0.7114,0.9152,0.8778,0.7939,0.9451,0.8692,0.782,0.938
scope,86,0.8837,0.814,0.9419,0.8298,0.7195,0.9192,0.8305,0.7196,0.9196,0.8495,0.7564,0.9267,0.845,0.7519,0.9225
modality,86,0.9302,0.8721,0.9767,0.8801,0.7801,0.9608,0.8807,0.7803,0.961,0.9184,0.8484,0.9731,0.9128,0.8401,0.9709
perturbation,86,0.7558,0.6628,0.8372,0.696,0.5834,0.7991,0.6936,0.5731,0.7991,0.7187,0.5991,0.8134,0.7151,0.5953,0.8101
assumption,86,0.8488,0.7674,0.9186,0.4746,0.2487,0.6726,0.4645,0.2145,0.6712,0.8332,0.7366,0.912,0.7984,0.6899,0.8915
evidence,86,0.8837,0.814,0.9419,0.7686,0.6211,0.8913,0.7693,0.6202,0.8919,0.8604,0.7654,0.9339,0.845,0.7384,0.9225
scope_x_modality,86,0.8605,0.7791,0.9302,0.8317,0.7383,0.9131,0.8324,0.738,0.9135,0.8491,0.7609,0.9244,0.8478,0.759,0.9233
lift:L_dyn,86,0.9302,0.8721,0.9767,0.8277,0.6803,0.9449,0.8276,0.6761,0.9452,0.8833,0.7805,0.9624,0.8605,0.7442,0.9535
lift:L_hor,86,0.9884,0.9651,1.0,0.6614,0.0,1.0,0.6627,-0.0118,1.0,0.988,0.9622,1.0,0.9767,0.9302,1.0
lift:L_gen,86,0.9651,0.9186,1.0,0.8373,0.6268,1.0,0.8382,0.6289,1.0,0.9556,0.8964,1.0,0.9302,0.8372,1.0
lift:L_op,86,0.9884,0.9651,1.0,0.7943,0.0,1.0,0.7952,-0.0059,1.0,0.9877,0.9613,1.0,0.9767,0.9302,1.0
lift:L_rate,86,0.9884,0.9651,1.0,0.7943,0.0,1.0,0.7952,-0.0059,1.0,0.9877,0.9613,1.0,0.9767,0.9302,1.0
lift:L_conc,86,0.9535,0.907,0.9884,0.8653,0.7131,0.969,0.8657,0.7114,0.9692,0.9291,0.8498,0.9838,0.907,0.814,0.9767
lift:L_sup,86,1.0,1.0,1.0,1.0,1.0,1.0,1.0,1.0,1.0,1.0,1.0,1.0,1.0,1.0,1.0
lift:L_mon,86,1.0,1.0,1.0,1.0,1.0,1.0,1.0,1.0,1.0,1.0,1.0,1.0,1.0,1.0,1.0
lifts:jaccard_mean,86,0.8973,,,,,,,,,,,,,,
