class,oid,group,verdict,lifts,obligations,k
RS,O01,TLS,L,L_alpha;L_op;L_rate,O_alpha;O_prof;O_dep;O_thr,4
RS,O02,TLS,L,L_alpha;L_op;L_rate,O_alpha;O_prof;O_dep;O_thr,4
RS,O03,CONT,L,L_alpha;L_op;L_rate,O_alpha;O_prof;O_dep;O_thr,4
RS,O04,CONT,L,L_alpha;L_op;L_rate,O_alpha;O_prof;O_dep;O_thr,4
RS,O05,NSF,L,L_alpha;L_dyn;L_hor,O_alpha;O_lip;O_hor;O_thr,4
RS,O06,CV,L,L_alpha;L_dyn;L_hor,O_alpha;O_lip;O_hor;O_thr,4
RS,O07,TLS,L,L_alpha;L_op;L_rate,O_alpha;O_prof;O_dep;O_thr,4
RS,O08,1309,L,L_alpha;L_op;L_rate,O_alpha;O_prof;O_dep;O_thr,4
RS,O09,NSF,L,L_alpha;L_dyn;L_hor,O_alpha;O_lip;O_hor;O_thr,4
RS,O10,1309,L,L_alpha;L_op;L_rate,O_alpha;O_prof;O_dep;O_thr,4
RS,O11,GEN,L,L_alpha;L_op,O_alpha;O_prof;O_thr,3
RS,O12,GEN,L,L_alpha;L_op,O_alpha;O_prof;O_thr,3
RS,O13,GEN,L,L_alpha;L_op,O_alpha;O_prof;O_thr,3
RS,O14,ROB,L,L_alpha,O_alpha;O_thr,2
RS,O15,OOD,L,L_alpha;L_dyn;L_hor,O_alpha;O_lip;O_hor;O_thr,4
RS,O16,RTA,L,L_alpha;L_dyn;L_hor,O_alpha;O_lip;O_hor;O_thr,4
RS,O17,GEN,L,L_alpha;L_op,O_alpha;O_prof;O_thr,3
RS,O18,ROB,L,L_alpha,O_alpha;O_thr,2
RS,O19,GEN,L,L_alpha;L_op,O_alpha;O_prof;O_thr,3
RS,O20,ROB,L,L_alpha,O_alpha;O_thr,2
RS,O21,RTA,L,L_alpha;L_dyn;L_hor,O_alpha;O_lip;O_hor;O_thr,4
RS,O22,SEC,L,L_alpha;L_dyn;L_hor,O_alpha;O_lip;O_hor,3
BP,O01,TLS,L,L_op;L_rate,O_prof;O_dep;O_thr,3
BP,O02,TLS,L,L_op;L_rate,O_prof;O_dep;O_thr,3
BP,O03,CONT,L,L_op;L_rate,O_prof;O_dep;O_thr,3
BP,O04,CONT,L,L_op;L_rate,O_prof;O_dep;O_thr,3
BP,O05,NSF,L,L_dyn;L_hor,O_lip;O_hor;O_thr,3
BP,O06,CV,L,L_dyn;L_hor,O_lip;O_hor;O_thr,3
BP,O07,TLS,L,L_op;L_rate,O_prof;O_dep;O_thr,3
BP,O08,1309,L,L_op;L_rate,O_prof;O_dep;O_thr,3
BP,O09,NSF,L,L_dyn;L_hor,O_lip;O_hor;O_thr,3
BP,O10,1309,L,L_op;L_rate,O_prof;O_dep;O_thr,3
BP,O11,GEN,L,L_op,O_prof;O_thr,2
BP,O12,GEN,L,L_op,O_prof;O_thr,2
BP,O13,GEN,L,L_op,O_prof;O_thr,2
BP,O14,ROB,L,,O_thr,1
BP,O15,OOD,L,L_dyn;L_hor,O_lip;O_hor;O_thr,3
BP,O16,RTA,L,L_dyn;L_hor,O_lip;O_hor;O_thr,3
BP,O17,GEN,L,L_op,O_prof;O_thr,2
BP,O18,ROB,L,,O_thr,1
BP,O19,GEN,L,L_op,O_prof;O_thr,2
BP,O20,ROB,L,,O_thr,1
BP,O21,RTA,L,L_dyn;L_hor,O_lip;O_hor;O_thr,3
BP,O22,SEC,L,L_dyn;L_hor,O_lip;O_hor,2
SMT,O01,TLS,L,L_op;L_rate,O_prof;O_dep;O_thr,3
SMT,O02,TLS,L,L_op;L_rate,O_prof;O_dep;O_thr,3
SMT,O03,CONT,L,L_op;L_rate,O_prof;O_dep;O_thr,3
SMT,O04,CONT,L,L_op;L_rate,O_prof;O_dep;O_thr,3
SMT,O05,NSF,L,L_dyn;L_hor,O_lip;O_hor;O_thr,3
SMT,O06,CV,L,L_dyn;L_hor,O_lip;O_hor;O_thr,3
SMT,O07,TLS,L,L_op;L_rate,O_prof;O_dep;O_thr,3
SMT,O08,1309,L,L_op;L_rate,O_prof;O_dep;O_thr,3
SMT,O09,NSF,L,L_dyn;L_hor,O_lip;O_hor;O_thr,3
SMT,O10,1309,L,L_op;L_rate,O_prof;O_dep;O_thr,3
SMT,O11,GEN,L,L_op,O_prof;O_thr,2
SMT,O12,GEN,L,L_op,O_prof;O_thr,2
SMT,O13,GEN,L,L_op,O_prof;O_thr,2
SMT,O14,ROB,L,,O_thr,1
SMT,O15,OOD,L,L_dyn;L_hor,O_lip;O_hor;O_thr,3
SMT,O16,RTA,L,L_dyn;L_hor,O_lip;O_hor;O_thr,3
SMT,O17,GEN,L,L_op,O_prof;O_thr,2
SMT,O18,ROB,L,,O_thr,1
SMT,O19,GEN,L,L_op,O_prof;O_thr,2
SMT,O20,ROB,L,,O_thr,1
SMT,O21,RTA,L,L_dyn;L_hor,O_lip;O_hor;O_thr,3
SMT,O22,SEC,L,L_dyn;L_hor,O_lip;O_hor;O_thr,3
LIP,O01,TLS,L,L_op;L_rate,O_prof;O_dep;O_thr,3
LIP,O02,TLS,L,L_op;L_rate,O_prof;O_dep;O_thr,3
LIP,O03,CONT,L,L_op;L_rate,O_prof;O_dep;O_thr,3
LIP,O04,CONT,L,L_op;L_rate,O_prof;O_dep;O_thr,3
LIP,O05,NSF,L,L_dyn;L_hor,O_lip;O_hor;O_thr,3
LIP,O06,CV,L,L_dyn;L_hor,O_lip;O_hor;O_thr,3
LIP,O07,TLS,L,L_op;L_rate,O_prof;O_dep;O_thr,3
LIP,O08,1309,L,L_op;L_rate,O_prof;O_dep;O_thr,3
LIP,O09,NSF,L,L_dyn;L_hor,O_lip;O_hor;O_thr,3
LIP,O10,1309,L,L_op;L_rate,O_prof;O_dep;O_thr,3
LIP,O11,GEN,L,L_op,O_prof;O_thr,2
LIP,O12,GEN,L,L_op,O_prof;O_thr,2
LIP,O13,GEN,L,L_op,O_prof;O_thr,2
LIP,O14,ROB,L,,O_thr,1
LIP,O15,OOD,L,L_dyn;L_hor,O_lip;O_hor;O_thr,3
LIP,O16,RTA,L,L_dyn;L_hor,O_lip;O_hor;O_thr,3
LIP,O17,GEN,L,L_op,O_prof;O_thr,2
LIP,O18,ROB,L,,O_thr,1
LIP,O19,GEN,L,L_op,O_prof;O_thr,2
LIP,O20,ROB,L,,O_thr,1
LIP,O21,RTA,L,L_dyn;L_hor,O_lip;O_hor;O_thr,3
LIP,O22,SEC,L,L_dyn;L_hor,O_lip;O_hor,2
SEM,O01,TLS,L,L_op;L_rate,O_prof;O_dep;O_thr,3
SEM,O02,TLS,L,L_op;L_rate,O_prof;O_dep;O_thr,3
SEM,O03,CONT,L,L_op;L_rate,O_prof;O_dep;O_thr,3
SEM,O04,CONT,L,L_op;L_rate,O_prof;O_dep;O_thr,3
SEM,O05,NSF,L,L_dyn;L_hor,O_lip;O_hor;O_thr,3
SEM,O06,CV,L,L_dyn;L_hor,O_lip;O_hor;O_thr,3
SEM,O07,TLS,L,L_op;L_rate,O_prof;O_dep;O_thr,3
SEM,O08,1309,L,L_op;L_rate,O_prof;O_dep;O_thr,3
SEM,O09,NSF,L,L_dyn;L_hor,O_lip;O_hor;O_thr,3
SEM,O10,1309,L,L_op;L_rate,O_prof;O_dep;O_thr,3
SEM,O11,GEN,L,L_op,O_prof;O_thr,2
SEM,O12,GEN,L,L_op,O_prof;O_thr,2
SEM,O13,GEN,L,L_op,O_prof;O_thr,2
SEM,O14,ROB,L,,O_thr,1
SEM,O15,OOD,L,L_dyn;L_hor,O_lip;O_hor;O_thr,3
SEM,O16,RTA,L,L_dyn;L_hor,O_lip;O_hor;O_thr,3
SEM,O17,GEN,L,L_op,O_prof;O_thr,2
SEM,O18,ROB,L,,O_thr,1
SEM,O19,GEN,L,L_op,O_prof;O_thr,2
SEM,O20,ROB,L,,O_thr,1
SEM,O21,RTA,L,L_dyn;L_hor,O_lip;O_hor;O_thr,3
SEM,O22,SEC,L,L_dyn;L_hor,O_lip;O_hor,2
PIL,O01,TLS,L,L_hor;L_sup;L_rate,O_hor;O_odd;O_dep,3
PIL,O02,TLS,L,L_hor;L_sup;L_rate,O_hor;O_odd;O_dep,3
PIL,O03,CONT,L,L_hor;L_sup;L_rate,O_hor;O_odd;O_dep,3
PIL,O04,CONT,L,L_hor;L_sup;L_rate,O_hor;O_odd;O_dep,3
PIL,O05,NSF,L,L_hor,O_hor,1
PIL,O06,CV,L,L_hor,O_hor,1
PIL,O07,TLS,L,L_hor;L_sup;L_rate,O_hor;O_odd;O_dep,3
PIL,O08,1309,L,L_hor;L_sup;L_rate,O_hor;O_odd;O_dep,3
PIL,O09,NSF,L,L_hor,O_hor,1
PIL,O10,1309,L,L_hor;L_sup;L_rate,O_hor;O_odd;O_dep,3
PIL,O11,GEN,L,L_hor;L_sup,O_hor;O_odd,2
PIL,O12,GEN,L,L_hor;L_sup,O_hor;O_odd,2
PIL,O13,GEN,L,L_hor;L_sup,O_hor;O_odd,2
PIL,O14,ROB,X,,,0
PIL,O15,OOD,L,L_hor,O_hor,1
PIL,O16,RTA,L,L_hor,O_hor,1
PIL,O17,GEN,L,L_hor;L_sup,O_hor;O_odd,2
PIL,O18,ROB,X,,,0
PIL,O19,GEN,L,L_hor;L_sup,O_hor;O_odd,2
PIL,O20,ROB,X,,,0
PIL,O21,RTA,L,L_hor,O_hor,1
PIL,O22,SEC,L,L_hor,O_hor;O_thr,2
DTMC,O01,TLS,X,,,0
DTMC,O02,TLS,X,,,0
DTMC,O03,CONT,X,,,0
DTMC,O04,CONT,X,,,0
DTMC,O05,NSF,X,,,0
DTMC,O06,CV,X,,,0
DTMC,O07,TLS,X,,,0
DTMC,O08,1309,X,,,0
DTMC,O09,NSF,X,,,0
DTMC,O10,1309,X,,,0
DTMC,O11,GEN,X,,,0
DTMC,O12,GEN,D,,,0
DTMC,O13,GEN,X,,,0
DTMC,O14,ROB,X,,,0
DTMC,O15,OOD,X,,,0
DTMC,O16,RTA,X,,,0
DTMC,O17,GEN,X,,,0
DTMC,O18,ROB,X,,,0
DTMC,O19,GEN,X,,,0
DTMC,O20,ROB,X,,,0
DTMC,O21,RTA,X,,,0
DTMC,O22,SEC,X,,,0
CLR,O01,TLS,L,L_hor;L_sup;L_rate,O_hor;O_odd;O_dep;O_thr,4
CLR,O02,TLS,L,L_hor;L_sup;L_rate,O_hor;O_odd;O_dep;O_thr,4
CLR,O03,CONT,L,L_hor;L_sup;L_rate,O_hor;O_odd;O_dep;O_thr,4
CLR,O04,CONT,L,L_hor;L_sup;L_rate,O_hor;O_odd;O_dep;O_thr,4
CLR,O05,NSF,L,L_hor,O_hor;O_thr,2
CLR,O06,CV,L,L_hor,O_hor;O_thr,2
CLR,O07,TLS,L,L_hor;L_sup;L_rate,O_hor;O_odd;O_dep;O_thr,4
CLR,O08,1309,L,L_hor;L_sup;L_rate,O_hor;O_odd;O_dep;O_thr,4
CLR,O09,NSF,L,L_hor,O_hor;O_thr,2
CLR,O10,1309,L,L_hor;L_sup;L_rate,O_hor;O_odd;O_dep;O_thr,4
CLR,O11,GEN,L,L_hor;L_sup,O_hor;O_odd;O_thr,3
CLR,O12,GEN,L,L_hor;L_sup,O_hor;O_odd;O_thr,3
CLR,O13,GEN,L,L_hor;L_sup,O_hor;O_odd;O_thr,3
CLR,O14,ROB,X,,,0
CLR,O15,OOD,L,L_hor,O_hor;O_thr,2
CLR,O16,RTA,L,L_hor,O_hor;O_thr,2
CLR,O17,GEN,L,L_hor;L_sup,O_hor;O_odd;O_thr,3
CLR,O18,ROB,X,,,0
CLR,O19,GEN,L,L_hor;L_sup,O_hor;O_odd;O_thr,3
CLR,O20,ROB,X,,,0
CLR,O21,RTA,L,L_hor,O_hor;O_thr,2
CLR,O22,SEC,L,L_hor,O_hor;O_thr,2
CRL,O01,TLS,L,L_alpha;L_hor;L_sup;L_rate,O_alpha;O_hor;O_odd;O_dep;O_thr,5
CRL,O02,TLS,L,L_alpha;L_hor;L_sup;L_rate,O_alpha;O_hor;O_odd;O_dep;O_thr,5
CRL,O03,CONT,L,L_alpha;L_hor;L_sup;L_rate,O_alpha;O_hor;O_odd;O_dep;O_thr,5
CRL,O04,CONT,L,L_alpha;L_hor;L_sup;L_rate,O_alpha;O_hor;O_odd;O_dep;O_thr,5
CRL,O05,NSF,L,L_alpha;L_hor,O_alpha;O_hor;O_thr,3
CRL,O06,CV,L,L_alpha;L_hor,O_alpha;O_hor;O_thr,3
CRL,O07,TLS,L,L_alpha;L_hor;L_sup;L_rate,O_alpha;O_hor;O_odd;O_dep;O_thr,5
CRL,O08,1309,L,L_alpha;L_hor;L_sup;L_rate,O_alpha;O_hor;O_odd;O_dep;O_thr,5
CRL,O09,NSF,L,L_alpha;L_hor,O_alpha;O_hor;O_thr,3
CRL,O10,1309,L,L_alpha;L_hor;L_sup;L_rate,O_alpha;O_hor;O_odd;O_dep;O_thr,5
CRL,O11,GEN,L,L_alpha;L_hor;L_sup,O_alpha;O_hor;O_odd;O_thr,4
CRL,O12,GEN,L,L_alpha;L_hor;L_sup,O_alpha;O_hor;O_odd;O_thr,4
CRL,O13,GEN,L,L_alpha;L_hor;L_sup,O_alpha;O_hor;O_odd;O_thr,4
CRL,O14,ROB,X,,,0
CRL,O15,OOD,L,L_alpha;L_hor,O_alpha;O_hor;O_thr,3
CRL,O16,RTA,L,L_alpha;L_hor,O_alpha;O_hor;O_thr,3
CRL,O17,GEN,L,L_alpha;L_hor;L_sup,O_alpha;O_hor;O_odd;O_thr,4
CRL,O18,ROB,X,,,0
CRL,O19,GEN,L,L_alpha;L_hor;L_sup,O_alpha;O_hor;O_odd;O_thr,4
CRL,O20,ROB,X,,,0
CRL,O21,RTA,L,L_alpha;L_hor,O_alpha;O_hor;O_thr,3
CRL,O22,SEC,L,L_alpha;L_hor,O_alpha;O_hor,2
NCERT,O01,TLS,L,L_hor;L_sup;L_rate,O_hor;O_odd;O_dep;O_thr,4
NCERT,O02,TLS,L,L_hor;L_sup;L_rate,O_hor;O_odd;O_dep;O_thr,4
NCERT,O03,CONT,L,L_hor;L_sup;L_rate,O_hor;O_odd;O_dep;O_thr,4
NCERT,O04,CONT,L,L_hor;L_sup;L_rate,O_hor;O_odd;O_dep;O_thr,4
NCERT,O05,NSF,L,L_hor,O_hor;O_thr,2
NCERT,O06,CV,L,L_hor,O_hor;O_thr,2
NCERT,O07,TLS,L,L_hor;L_sup;L_rate,O_hor;O_odd;O_dep;O_thr,4
NCERT,O08,1309,L,L_hor;L_sup;L_rate,O_hor;O_odd;O_dep;O_thr,4
NCERT,O09,NSF,L,L_hor,O_hor;O_thr,2
NCERT,O10,1309,L,L_hor;L_sup;L_rate,O_hor;O_odd;O_dep;O_thr,4
NCERT,O11,GEN,L,L_hor;L_sup,O_hor;O_odd;O_thr,3
NCERT,O12,GEN,L,L_hor;L_sup,O_hor;O_odd;O_thr,3
NCERT,O13,GEN,L,L_hor;L_sup,O_hor;O_odd;O_thr,3
NCERT,O14,ROB,X,,,0
NCERT,O15,OOD,L,L_hor,O_hor;O_thr,2
NCERT,O16,RTA,L,L_hor,O_hor;O_thr,2
NCERT,O17,GEN,L,L_hor;L_sup,O_hor;O_odd;O_thr,3
NCERT,O18,ROB,X,,,0
NCERT,O19,GEN,L,L_hor;L_sup,O_hor;O_odd;O_thr,3
NCERT,O20,ROB,X,,,0
NCERT,O21,RTA,L,L_hor,O_hor;O_thr,2
NCERT,O22,SEC,L,L_hor,O_hor;O_thr,2
CP,O01,TLS,L,L_rate,O_dep,1
CP,O02,TLS,L,L_rate,O_dep,1
CP,O03,CONT,L,L_rate,O_dep,1
CP,O04,CONT,L,L_rate,O_dep,1
CP,O05,NSF,X,,,0
CP,O06,CV,X,,,0
CP,O07,TLS,L,L_rate,O_dep,1
CP,O08,1309,L,L_rate,O_dep,1
CP,O09,NSF,X,,,0
CP,O10,1309,L,L_rate,O_dep,1
CP,O11,GEN,D,,,0
CP,O12,GEN,D,,,0
CP,O13,GEN,D,,,0
CP,O14,ROB,X,,,0
CP,O15,OOD,X,,,0
CP,O16,RTA,X,,,0
CP,O17,GEN,D,,,0
CP,O18,ROB,X,,,0
CP,O19,GEN,D,,,0
CP,O20,ROB,X,,,0
CP,O21,RTA,X,,,0
CP,O22,SEC,X,,,0
RTA,O01,TLS,L,L_sup;L_rate,O_odd;O_dep,2
RTA,O02,TLS,L,L_sup;L_rate,O_odd;O_dep,2
RTA,O03,CONT,L,L_sup;L_rate,O_odd;O_dep,2
RTA,O04,CONT,L,L_sup;L_rate,O_odd;O_dep,2
RTA,O05,NSF,D,,,0
RTA,O06,CV,D,,,0
RTA,O07,TLS,L,L_sup;L_rate,O_odd;O_dep,2
RTA,O08,1309,L,L_sup;L_rate,O_odd;O_dep,2
RTA,O09,NSF,D,,,0
RTA,O10,1309,L,L_sup;L_rate,O_odd;O_dep,2
RTA,O11,GEN,L,L_sup,O_odd,1
RTA,O12,GEN,L,L_sup,O_odd,1
RTA,O13,GEN,L,L_sup,O_odd,1
RTA,O14,ROB,X,,,0
RTA,O15,OOD,D,,,0
RTA,O16,RTA,D,,,0
RTA,O17,GEN,L,L_sup,O_odd,1
RTA,O18,ROB,X,,,0
RTA,O19,GEN,L,L_sup,O_odd,1
RTA,O20,ROB,X,,,0
RTA,O21,RTA,D,,,0
RTA,O22,SEC,L,,O_thr,1
MON,O01,TLS,L,L_op;L_rate,O_prof;O_dep,2
MON,O02,TLS,L,L_op;L_rate,O_prof;O_dep,2
MON,O03,CONT,L,L_op;L_rate,O_prof;O_dep,2
MON,O04,CONT,L,L_op;L_rate,O_prof;O_dep,2
MON,O05,NSF,L,L_dyn;L_hor,O_lip;O_hor,2
MON,O06,CV,L,L_dyn;L_hor,O_lip;O_hor,2
MON,O07,TLS,L,L_op;L_rate,O_prof;O_dep,2
MON,O08,1309,L,L_op;L_rate,O_prof;O_dep,2
MON,O09,NSF,L,L_dyn;L_hor,O_lip;O_hor,2
MON,O10,1309,L,L_op;L_rate,O_prof;O_dep,2
MON,O11,GEN,L,L_op,O_prof,1
MON,O12,GEN,L,L_op,O_prof,1
MON,O13,GEN,L,L_op,O_prof,1
MON,O14,ROB,L,,O_thr,1
MON,O15,OOD,L,L_dyn;L_hor,O_lip;O_hor,2
MON,O16,RTA,L,L_dyn;L_hor,O_lip;O_hor,2
MON,O17,GEN,L,L_op,O_prof,1
MON,O18,ROB,L,,O_thr,1
MON,O19,GEN,L,L_op,O_prof,1
MON,O20,ROB,L,,O_thr,1
MON,O21,RTA,L,L_dyn;L_hor,O_lip;O_hor,2
MON,O22,SEC,L,L_dyn;L_hor,O_lip;O_hor;O_thr,3
FALS,O01,TLS,X,,,0
FALS,O02,TLS,X,,,0
FALS,O03,CONT,X,,,0
FALS,O04,CONT,X,,,0
FALS,O05,NSF,X,,,0
FALS,O06,CV,X,,,0
FALS,O07,TLS,X,,,0
FALS,O08,1309,X,,,0
FALS,O09,NSF,X,,,0
FALS,O10,1309,X,,,0
FALS,O11,GEN,X,,,0
FALS,O12,GEN,X,,,0
FALS,O13,GEN,X,,,0
FALS,O14,ROB,X,,,0
FALS,O15,OOD,X,,,0
FALS,O16,RTA,X,,,0
FALS,O17,GEN,X,,,0
FALS,O18,ROB,X,,,0
FALS,O19,GEN,X,,,0
FALS,O20,ROB,X,,,0
FALS,O21,RTA,X,,,0
FALS,O22,SEC,X,,,0
PACB,O01,TLS,L,L_rate,O_dep,1
PACB,O02,TLS,L,L_rate,O_dep,1
PACB,O03,CONT,L,L_rate,O_dep,1
PACB,O04,CONT,L,L_rate,O_dep,1
PACB,O05,NSF,X,,,0
PACB,O06,CV,X,,,0
PACB,O07,TLS,L,L_rate,O_dep,1
PACB,O08,1309,L,L_rate,O_dep,1
PACB,O09,NSF,X,,,0
PACB,O10,1309,L,L_rate,O_dep,1
PACB,O11,GEN,D,,,0
PACB,O12,GEN,D,,,0
PACB,O13,GEN,D,,,0
PACB,O14,ROB,X,,,0
PACB,O15,OOD,X,,,0
PACB,O16,RTA,X,,,0
PACB,O17,GEN,D,,,0
PACB,O18,ROB,X,,,0
PACB,O19,GEN,D,,,0
PACB,O20,ROB,X,,,0
PACB,O21,RTA,X,,,0
PACB,O22,SEC,X,,,0
PROB,O01,TLS,L,L_op;L_rate,O_prof;O_dep;O_thr,3
PROB,O02,TLS,L,L_op;L_rate,O_prof;O_dep;O_thr,3
PROB,O03,CONT,L,L_op;L_rate,O_prof;O_dep;O_thr,3
PROB,O04,CONT,L,L_op;L_rate,O_prof;O_dep;O_thr,3
PROB,O05,NSF,X,,,0
PROB,O06,CV,X,,,0
PROB,O07,TLS,L,L_op;L_rate,O_prof;O_dep;O_thr,3
PROB,O08,1309,L,L_op;L_rate,O_prof;O_dep;O_thr,3
PROB,O09,NSF,X,,,0
PROB,O10,1309,L,L_op;L_rate,O_prof;O_dep;O_thr,3
PROB,O11,GEN,L,L_op,O_prof;O_thr,2
PROB,O12,GEN,L,L_op,O_prof;O_thr,2
PROB,O13,GEN,L,L_op,O_prof;O_thr,2
PROB,O14,ROB,X,,,0
PROB,O15,OOD,X,,,0
PROB,O16,RTA,X,,,0
PROB,O17,GEN,L,L_op,O_prof;O_thr,2
PROB,O18,ROB,X,,,0
PROB,O19,GEN,L,L_op,O_prof;O_thr,2
PROB,O20,ROB,X,,,0
PROB,O21,RTA,X,,,0
PROB,O22,SEC,X,,,0
OPREL,O01,TLS,L,L_rate,O_dep,1
OPREL,O02,TLS,L,L_rate,O_dep,1
OPREL,O03,CONT,L,L_rate,O_dep,1
OPREL,O04,CONT,L,L_rate,O_dep,1
OPREL,O05,NSF,X,,,0
OPREL,O06,CV,X,,,0
OPREL,O07,TLS,L,L_rate,O_dep,1
OPREL,O08,1309,L,L_rate,O_dep,1
OPREL,O09,NSF,X,,,0
OPREL,O10,1309,L,L_rate,O_dep,1
OPREL,O11,GEN,D,,,0
OPREL,O12,GEN,D,,,0
OPREL,O13,GEN,D,,,0
OPREL,O14,ROB,X,,,0
OPREL,O15,OOD,X,,,0
OPREL,O16,RTA,X,,,0
OPREL,O17,GEN,D,,,0
OPREL,O18,ROB,X,,,0
OPREL,O19,GEN,D,,,0
OPREL,O20,ROB,X,,,0
OPREL,O21,RTA,X,,,0
OPREL,O22,SEC,X,,,0
